"File","Object","Action","Reads","Writes","Deletes","Calls","FormNames","Risk","Classification","ReplacementPlan"
"sql/API/APINEW/API_BangChamCongTongHop.sql","API_BangChamCongTongHop","CREATE;ALTER;SELECT","HR_TimeSheetTbl;HR_PersonTbl","","","","","LOW","RUNTIME","Giữ nguyên runtime hiện tại; không sửa trong Phase 1."
"sql/API/APINEW/API_BangPhuCap.sql","API_BangPhuCap","CREATE;ALTER;SELECT","HR_BangPhuCapTbl","","","","","LOW","RUNTIME","Giữ nguyên runtime hiện tại; không sửa trong Phase 1."
"sql/API/APINEW/API_BangPhuCap_Detail.sql","API_BangPhuCap_Detail","CREATE;ALTER;SELECT","HR_PersonAllowanceTbl;HR_PersonTbl","","","","","LOW","RUNTIME","Giữ nguyên runtime hiện tại; không sửa trong Phase 1."
"sql/API/APINEW/API_BangThamSo.sql","API_BangThamSo","CREATE;ALTER;SELECT","HR_BangThamSoTbl","","","","","LOW","RUNTIME","Giữ nguyên runtime hiện tại; không sửa trong Phase 1."
"sql/API/APINEW/API_BangThueTNCN.sql","API_BangThueTNCN","CREATE;ALTER;SELECT","HR_BangThueTNCNTbl","","","","","LOW","RUNTIME","Giữ nguyên runtime hiện tại; không sửa trong Phase 1."
"sql/API/APINEW/API_BaoCaoChamCong.sql","API_BaoCaoChamCong","CREATE;ALTER;SELECT","SY_Period;HR_TimeSheetTbl;HR_PersonTbl","","","","","LOW","RUNTIME","Giữ nguyên runtime hiện tại; không sửa trong Phase 1."
"sql/API/APINEW/API_BaoCaoChamCongChiTiet.sql","API_BaoCaoChamCongChiTiet","CREATE;ALTER;SELECT;EXEC","HR_TimeSheetDayTbl;SY_Period;HR_PersonTbl;HR_HopDongTbl;SY_String2TableFnc","","","HR_TimeSheetDay_Process_Stp","","LOW","RUNTIME","Giữ nguyên runtime hiện tại; không sửa trong Phase 1."
"sql/API/APINEW/API_BaoCaoChamCongTongHop.sql","API_BaoCaoChamCongTongHop","CREATE;ALTER;SELECT;EXEC;UPDATE","HR_TimeSheetTbl;SY_Period;HR_NghiPhepTbl;HR_NghiPhepDetailTbl;CTE_NghiPhep;HR_HolidayTbl;CTE_TongNghi;CTE_CongLe;NgayCTE;master;BungDonNghi;HR_LuongKhoanTbl;HR_TimeSheetDayTbl;NghiPhep;HR_HinhThucNghiListTbl;HR_PersonTbl;HR_DepartmentListTbl;HR_HopDongTbl;HR_PersonNghiPhepTbl;CongLe;LuongKhoan;CongDiLamHopLe;CongNghiCoLuong;CongNghiHieuHy;CongNghiPhepBuLe;CongNghiKhongPhep","TS","","HR_TimeSheetDay_Process_Stp;HR_TimeSheet_UpdateDailyStatus_Stp;sp_executesql","","HIGH","RUNTIME","Giữ nguyên runtime hiện tại; không sửa trong Phase 1."
"sql/API/APINEW/API_BaoCaoLuong.sql","API_BaoCaoLuong","CREATE;ALTER;SELECT;EXEC;DROP","SY_Period;HR_TimeSheetTbl;HR_PayrollTbl;HR_HolidayTbl;HR_PayrollDetailTbl;HR_PersonTbl;HR_HopDongTbl;HR_BaoHiemChiTietTbl;SY_String2TableFnc","","#ChamCongGom;#DetailPivot;IF","HR_PayRoll_Process_Stp","","CRITICAL","DESTRUCTIVE_LEGACY","Cấm chạy trong Phase 1; giữ để tham chiếu và thay bằng script idempotent không cleanup."
"sql/API/APINEW/API_BaoCaoNghiPhepReportStp.sql","API_BaoCaoNghiPhepReportStp","CREATE;ALTER;SELECT","SY_Period;HR_TimeSheetTbl;HR_NghiPhepTbl;HR_NghiPhepDetailTbl;master;BungDonNghi_CTE;PhanLoaiNgayNghi_CTE;HR_PersonTbl;HR_PersonNghiPhepTbl;MonthlyLeave_CTE","","","","","LOW","RUNTIME","Giữ nguyên runtime hiện tại; không sửa trong Phase 1."
"sql/API/APINEW/API_BaoCaoNhanSuReportStp.sql","API_BaoCaoNhanSuReportStp","EXEC;CREATE;ALTER;SELECT;DELETE;INSERT","v;HR_PersonTbl;STRING_SPLIT;HR_BaoHiemChiTietTbl;HR_BaoHiemTbl;HR_PersonStatusTbl;HR_HopDongTbl;HR_LichSuCongTacTbl;WA_API","WA_API","WA_API","API_BaoCaoNhanSuReportStp","","CRITICAL","DESTRUCTIVE_LEGACY","Cấm chạy trong Phase 1; giữ để tham chiếu và thay bằng script idempotent không cleanup."
"sql/API/APINEW/API_BaoHiem.sql","API_BaoHiem","DROP;CREATE;SELECT","HR_BaoHiemTbl;STRING_SPLIT","","","","","LOW","RUNTIME","Giữ nguyên runtime hiện tại; không sửa trong Phase 1."
"sql/API/APINEW/API_BaoHiem_Detail.sql","API_BaoHiem_Detail","DROP;CREATE;SELECT","HR_BaoHiemChiTietTbl;HR_PersonTbl;HR_HopDongTbl","","","","","LOW","RUNTIME","Giữ nguyên runtime hiện tại; không sửa trong Phase 1."
"sql/API/APINEW/API_BaoHiem_PersonLookup.sql","API_BaoHiem_PersonLookup","DROP;CREATE;SELECT","HR_PersonTbl;HR_BaoHiemChiTietTbl;HR_BaoHiemTbl;STRING_SPLIT","","","","","LOW","RUNTIME","Giữ nguyên runtime hiện tại; không sửa trong Phase 1."
"sql/API/APINEW/API_CaLamViec.sql","API_CaLamViec","CREATE;ALTER;SELECT","HR_SapCaTbl","","","","","LOW","RUNTIME","Giữ nguyên runtime hiện tại; không sửa trong Phase 1."
"sql/API/APINEW/API_CaLamViec_Detail.sql","API_CaLamViec_NhanVien;API_CaLamViec_ChiTiet","CREATE;ALTER;SELECT;DELETE;INSERT","HR_SapCaNhanVienTbl;HR_PersonTbl;HR_SapCaChiTietTbl;HR_ShiftListTbl;WA_API","WA_API","WA_API","","","CRITICAL","DESTRUCTIVE_LEGACY","Cấm chạy trong Phase 1; giữ để tham chiếu và thay bằng script idempotent không cleanup."
"sql/API/APINEW/API_DanhSachBangCap.sql","API_DanhSachBangCap","CREATE;ALTER;SELECT;DELETE;INSERT;EXEC;UPDATE","HR_BangCapTbl;WA_API","WA_API;SY_FormatFields","WA_API","API_DongBoTruongGiaoDien","WA_BangCapListFrm;WA_EducationListFrm","CRITICAL","DESTRUCTIVE_LEGACY","Cấm chạy trong Phase 1; giữ để tham chiếu và thay bằng script idempotent không cleanup."
"sql/API/APINEW/API_DanhSachBenhVien.sql","API_DanhSachBenhVien","CREATE;ALTER;SELECT;DELETE;INSERT;EXEC;UPDATE","HR_HospitalListTbl;WA_API","WA_API;SY_FormatFields","WA_API","API_DongBoTruongGiaoDien","WA_HospitalListFrm","CRITICAL","DESTRUCTIVE_LEGACY","Cấm chạy trong Phase 1; giữ để tham chiếu và thay bằng script idempotent không cleanup."
"sql/API/APINEW/API_DanhSachBoPhan.sql","API_DanhSachBoPhan","CREATE;ALTER;SELECT","HR_DepartmentListTbl","","","","","LOW","RUNTIME","Giữ nguyên runtime hiện tại; không sửa trong Phase 1."
"sql/API/APINEW/API_DanhSachCaLamViec.sql","API_DanhSachCaLamViec","CREATE;ALTER;SELECT;DELETE;INSERT;EXEC;UPDATE","HR_ShiftListTbl;WA_API","WA_API;SY_FormatFields","WA_API","API_DongBoTruongGiaoDien","WA_ShiftListFrm","CRITICAL","DESTRUCTIVE_LEGACY","Cấm chạy trong Phase 1; giữ để tham chiếu và thay bằng script idempotent không cleanup."
"sql/API/APINEW/API_DanhSachCaLamViecChiNhanh.sql","API_DanhSachCaLamViecChiNhanh","CREATE;ALTER;SELECT;DELETE;INSERT;EXEC","HR_ShiftListCNTbl;STRING_SPLIT;WA_API","WA_API","WA_API","API_DongBoTruongGiaoDien","HR_ShiftListCNFrm","CRITICAL","DESTRUCTIVE_LEGACY","Cấm chạy trong Phase 1; giữ để tham chiếu và thay bằng script idempotent không cleanup."
"sql/API/APINEW/API_DanhSachChiNhanh.sql","API_DanhSachChiNhanh","CREATE;ALTER;SELECT;DELETE;INSERT;EXEC;UPDATE","CF_BranchTbl;STRING_SPLIT;WA_API","WA_API;SY_FormatFields","WA_API","API_DongBoTruongGiaoDien","CF_BranchListFrm","CRITICAL","DESTRUCTIVE_LEGACY","Cấm chạy trong Phase 1; giữ để tham chiếu và thay bằng script idempotent không cleanup."
"sql/API/APINEW/API_DanhSachChucDanh.sql","API_DanhSachChucDanh","CREATE;ALTER;SELECT;INSERT","HR_ChucDanhTbl;WA_API","WA_API","","","","HIGH","RUNTIME","Giữ nguyên runtime hiện tại; không sửa trong Phase 1."
"sql/API/APINEW/API_DanhSachChucVu.sql","API_DanhSachChucVu","CREATE;ALTER;SELECT;INSERT","HR_TitleListTbl;WA_API","WA_API","","","","HIGH","RUNTIME","Giữ nguyên runtime hiện tại; không sửa trong Phase 1."
"sql/API/APINEW/API_DanhSachCongViec.sql","API_DanhSachCongViec","CREATE;ALTER;SELECT;DELETE;INSERT;EXEC;UPDATE","HR_JobListTbl;WA_API","WA_API;SY_FormatFields","WA_API","API_DongBoTruongGiaoDien","WA_JobListFrm","CRITICAL","DESTRUCTIVE_LEGACY","Cấm chạy trong Phase 1; giữ để tham chiếu và thay bằng script idempotent không cleanup."
"sql/API/APINEW/API_DanhSachDanToc.sql","API_DanhSachDanToc","CREATE;ALTER;SELECT;DELETE;INSERT;EXEC;UPDATE","HR_PeoplesListTbl;WA_API","WA_API;SY_FormatFields","WA_API","API_DongBoTruongGiaoDien","WA_PeopleListFrm","CRITICAL","DESTRUCTIVE_LEGACY","Cấm chạy trong Phase 1; giữ để tham chiếu và thay bằng script idempotent không cleanup."
"sql/API/APINEW/API_DanhSachHinhThucNghi.sql","API_DanhSachHinhThucNghi","CREATE;ALTER;SELECT;DELETE;INSERT;EXEC;UPDATE","HR_HinhThucNghiListTbl;WA_API","WA_API;SY_FormatFields","WA_API","API_DongBoTruongGiaoDien","WA_HinhThucNghiListFrm","CRITICAL","DESTRUCTIVE_LEGACY","Cấm chạy trong Phase 1; giữ để tham chiếu và thay bằng script idempotent không cleanup."
"sql/API/APINEW/API_DanhSachHocVan.sql","API_DanhSachHocVan","CREATE;ALTER;SELECT;DELETE;INSERT;EXEC;UPDATE","HR_EducationListTbl;WA_API","WA_API;SY_FormatFields","WA_API","API_DongBoTruongGiaoDien","WA_BangCapListFrm","CRITICAL","DESTRUCTIVE_LEGACY","Cấm chạy trong Phase 1; giữ để tham chiếu và thay bằng script idempotent không cleanup."
"sql/API/APINEW/API_DanhSachLoaiHD.sql","API_DanhSachLoaiHD","CREATE;ALTER;SELECT","HR_PersonView","","","","","LOW","RUNTIME","Giữ nguyên runtime hiện tại; không sửa trong Phase 1."
"sql/API/APINEW/API_DanhSachNganHang.sql","API_DanhSachNganHang","CREATE;ALTER;SELECT;DELETE;INSERT;EXEC;UPDATE","HR_BankListTbl;WA_API","WA_API;SY_FormatFields","WA_API","API_DongBoTruongGiaoDien","WA_BankListFrm","CRITICAL","DESTRUCTIVE_LEGACY","Cấm chạy trong Phase 1; giữ để tham chiếu và thay bằng script idempotent không cleanup."
"sql/API/APINEW/API_DanhSachNgheNghiep.sql","API_DanhSachNgheNghiep","CREATE;ALTER;SELECT;DELETE;INSERT;EXEC;UPDATE","HR_CareerListTbl;WA_API","WA_API;SY_FormatFields","WA_API","API_DongBoTruongGiaoDien","WA_CareerlListFrm","CRITICAL","DESTRUCTIVE_LEGACY","Cấm chạy trong Phase 1; giữ để tham chiếu và thay bằng script idempotent không cleanup."
"sql/API/APINEW/API_DanhSachQuocGia.sql","API_DanhSachQuocGia","CREATE;ALTER;SELECT;DELETE;INSERT;EXEC;UPDATE","HR_NationListTbl;WA_API","WA_API;SY_FormatFields","WA_API","API_DongBoTruongGiaoDien","WA_NationListFrm","CRITICAL","DESTRUCTIVE_LEGACY","Cấm chạy trong Phase 1; giữ để tham chiếu và thay bằng script idempotent không cleanup."
"sql/API/APINEW/API_DanhSachTinhThanh.sql","API_DanhSachTinhThanh","CREATE;ALTER;SELECT;DELETE;INSERT;EXEC;UPDATE","HR_ProvineListTbl;WA_API","WA_API;SY_FormatFields","WA_API","API_DongBoTruongGiaoDien","WA_ProvinceListFrm","CRITICAL","DESTRUCTIVE_LEGACY","Cấm chạy trong Phase 1; giữ để tham chiếu và thay bằng script idempotent không cleanup."
"sql/API/APINEW/API_DanhSachToNhom.sql","API_DanhSachToNhom","CREATE;ALTER;SELECT","HR_WorkingGroupListTbl","","","","","LOW","RUNTIME","Giữ nguyên runtime hiện tại; không sửa trong Phase 1."
"sql/API/APINEW/API_DanhSachTonGiao.sql","API_DanhSachTonGiao","CREATE;ALTER;SELECT;DELETE;INSERT;EXEC;UPDATE","HR_ReligionListTbl;WA_API","WA_API;SY_FormatFields","WA_API","API_DongBoTruongGiaoDien","WA_ReligionListFrm","CRITICAL","DESTRUCTIVE_LEGACY","Cấm chạy trong Phase 1; giữ để tham chiếu và thay bằng script idempotent không cleanup."
"sql/API/APINEW/API_DanhSachViTri.sql","API_DanhSachViTri","CREATE;ALTER;SELECT","HR_PostionListTbl","","","","","LOW","RUNTIME","Giữ nguyên runtime hiện tại; không sửa trong Phase 1."
"sql/API/APINEW/API_Dashboard_MultiTemplate.sql","API_HR_Dashboard_GetBranches;API_HR_Dashboard_OverviewToday;API_HR_Dashboard_Demographics;API_HR_Dashboard_Department;API_HR_Dashboard_Birthdays;API_HR_Dashboard_Payroll;API_HR_Dashboard_ContractsExpiring","DROP;CREATE;SELECT","CF_BranchTbl;HR_PersonTbl;HR_TimeSheetDayTbl;HR_HopDongTbl;HR_DepartmentListTbl;HR_PayrollTbl","","","","","LOW","RUNTIME","Giữ nguyên runtime hiện tại; không sửa trong Phase 1."
"sql/API/APINEW/API_Dropdown_ReportTemplates.sql","API_Dropdown_ReportTemplates","CREATE;ALTER;SELECT;DELETE;INSERT","WA_API","WA_API","WA_API","","","CRITICAL","DESTRUCTIVE_LEGACY","Cấm chạy trong Phase 1; giữ để tham chiếu và thay bằng script idempotent không cleanup."
"sql/API/APINEW/API_HR_BangThamSo_Lookup.sql","API_HR_BangThamSo_Lookup","CREATE;ALTER;SELECT","HR_BangThamSoTbl","","","","","LOW","RUNTIME","Giữ nguyên runtime hiện tại; không sửa trong Phase 1."
"sql/API/APINEW/API_HR_DropdownShifts.sql","API_HR_DropdownShifts","CREATE;ALTER;SELECT","HR_ShiftListTbl","","","","","LOW","RUNTIME","Giữ nguyên runtime hiện tại; không sửa trong Phase 1."
"sql/API/APINEW/API_HoSoNhanVien.sql","API_HoSoNhanVien;API_PersonFull_T1_Salary;API_PersonFull_T3_KTKL;API_PersonFull_T4_NghiPhep;API_PersonFull_T5_Relation;API_PersonFull_T6_HopDong;API_PersonFull_T7_CongTac;API_PersonFull_T8_Log;API_PersonFull_T9_GiayTo;API_PersonAttach_SaveAvatar","EXEC;CREATE;ALTER;SELECT;DELETE;INSERT;UPDATE","HR_PersonTbl;HR_PersonStatusTbl;HR_PersonAttachTbl;HR_HopDongTbl;STRING_SPLIT;HR_PersonSalaryTbl;HR_PersonKTKLTbl;HR_PersonNghiPhepTbl;HR_PersonRelationTbl;HR_LichSuCongTacTbl;HR_PersonLogTbl;HR_PersonGiayToTbl;WA_API;SY_FrmLstTbl","WA_API;SY_FrmLstTbl","WA_API;SY_FrmLstTbl","API_HoSoNhanVien;API_LuuDong","WA_PersonFullFrm","CRITICAL","DESTRUCTIVE_LEGACY","Cấm chạy trong Phase 1; giữ để tham chiếu và thay bằng script idempotent không cleanup."
"sql/API/APINEW/API_HopDongLaoDong.sql","API_HopDongLaoDong","CREATE;ALTER;SELECT","HR_HopDongTbl;HR_PersonTbl;HR_PersonStatusTbl;STRING_SPLIT","","","","","LOW","RUNTIME","Giữ nguyên runtime hiện tại; không sửa trong Phase 1."
"sql/API/APINEW/API_HopDongLaoDong_Attach.sql","API_HopDongLaoDong_Attach","CREATE;ALTER;SELECT","HR_HopDongAttachTbl","","","","","LOW","RUNTIME","Giữ nguyên runtime hiện tại; không sửa trong Phase 1."
"sql/API/APINEW/API_HopDongLaoDong_ChiTiet.sql","API_HopDongLaoDong_ChiTiet","CREATE;ALTER;SELECT","HR_HopDongDetailTbl;HR_BangPhuCapTbl","","","","","LOW","RUNTIME","Giữ nguyên runtime hiện tại; không sửa trong Phase 1."
"sql/API/APINEW/API_HopDongLaoDong_LoaiHD.sql","API_HopDongLaoDong_LoaiHD","CREATE;ALTER;SELECT","HR_HopDongTbl","","","","","LOW","RUNTIME","Giữ nguyên runtime hiện tại; không sửa trong Phase 1."
"sql/API/APINEW/API_HopDongLaoDong_NamLap.sql","API_HopDongLaoDong_NamLap","CREATE;ALTER;SELECT","HR_HopDongTbl","","","","","LOW","RUNTIME","Giữ nguyên runtime hiện tại; không sửa trong Phase 1."
"sql/API/APINEW/API_HopDongLaoDong_NhanVienChuaCoHD.sql","API_HopDongLaoDong_NhanVienChuaCoHD","CREATE;ALTER;SELECT","HR_PersonTbl","","","","","LOW","RUNTIME","Giữ nguyên runtime hiện tại; không sửa trong Phase 1."
"sql/API/APINEW/API_KinhPhiCongDoan.sql","API_KinhPhiCongDoan;API_Calculate_MucDong_CongDoan","CREATE;ALTER;SELECT","SY_User;HR_KinhPhiCongDoanTbl;HR_PersonView;STRING_SPLIT;HR_BaoHiemChiTietTbl;HR_HopDongTbl","","","","","LOW","RUNTIME","Giữ nguyên runtime hiện tại; không sửa trong Phase 1."
"sql/API/APINEW/API_LuongKhoan.sql","API_LuongKhoan","CREATE;ALTER;SELECT","HR_LuongKhoanTbl;HR_PersonTbl","","","","","LOW","RUNTIME","Giữ nguyên runtime hiện tại; không sửa trong Phase 1."
"sql/API/APINEW/API_NguoiDungFrm.sql","API_NguoiDungFrm","CREATE;ALTER;SELECT","SY_User;SY_UserGroup;CF_BranchTbl","","","","","LOW","RUNTIME","Giữ nguyên runtime hiện tại; không sửa trong Phase 1."
"sql/API/APINEW/API_NguoiDungNhomFrm.sql","API_NguoiDungNhomFrm","CREATE;ALTER;SELECT","SY_User;SY_UserGroup","","","","","LOW","RUNTIME","Giữ nguyên runtime hiện tại; không sửa trong Phase 1."
"sql/API/APINEW/API_Payroll.sql","API_Payroll","CREATE;ALTER;SELECT","HR_PayrollTbl;HR_PersonTbl","","","","","LOW","RUNTIME","Giữ nguyên runtime hiện tại; không sửa trong Phase 1."
"sql/API/APINEW/API_Payroll_Detail.sql","API_Payroll_Detail","CREATE;SELECT","HR_PayrollDetailTbl","","","","","LOW","RUNTIME","Giữ nguyên runtime hiện tại; không sửa trong Phase 1."
"sql/API/APINEW/API_QuanLyNghiLe.sql","API_QuanLyNghiLe","CREATE;ALTER;SELECT","HR_HolidayTbl","","","","","LOW","RUNTIME","Giữ nguyên runtime hiện tại; không sửa trong Phase 1."
"sql/API/APINEW/API_QuanLyNghiPhepNam.sql","API_QuanLyNghiPhepNam","EXEC;CREATE;ALTER;SELECT","HR_PersonTbl;STRING_SPLIT","","","API_QuanLyNghiPhepNam","","LOW","RUNTIME","Giữ nguyên runtime hiện tại; không sửa trong Phase 1."
"sql/API/APINEW/API_QuanLyNghiPhepNam_ChiTiet.sql","API_QuanLyNghiPhepNam_ChiTiet","EXEC;CREATE;ALTER;SELECT","HR_PersonNghiPhepTbl","","","API_QuanLyNghiPhepNam_ChiTiet","","LOW","RUNTIME","Giữ nguyên runtime hiện tại; không sửa trong Phase 1."
"sql/API/APINEW/API_QuanLyUngVien.sql","API_QuanLyUngVien","CREATE;ALTER;SELECT","HR_UngVienTbl","","","","","LOW","RUNTIME","Giữ nguyên runtime hiện tại; không sửa trong Phase 1."
"sql/API/APINEW/API_QuanLyUngVien_ChungChi.sql","API_QuanLyUngVien_ChungChi","CREATE;ALTER;SELECT","HR_UngVienChungChiTbl","","","","","LOW","RUNTIME","Giữ nguyên runtime hiện tại; không sửa trong Phase 1."
"sql/API/APINEW/API_QuanLyUngVien_HocVan.sql","API_QuanLyUngVien_HocVan","CREATE;ALTER;SELECT","HR_UngVienHocVanTbl","","","","","LOW","RUNTIME","Giữ nguyên runtime hiện tại; không sửa trong Phase 1."
"sql/API/APINEW/API_QuanLyUngVien_KinhNghiem.sql","API_QuanLyUngVien_KinhNghiem","CREATE;ALTER;SELECT","HR_UngVienKinhNghiemTbl","","","","","LOW","RUNTIME","Giữ nguyên runtime hiện tại; không sửa trong Phase 1."
"sql/API/APINEW/API_QuanLyUngVien_PhongVan.sql","API_QuanLyUngVien_PhongVan","CREATE;ALTER;SELECT","HR_UngVienPhongVanTbl","","","","","LOW","RUNTIME","Giữ nguyên runtime hiện tại; không sửa trong Phase 1."
"sql/API/APINEW/API_UngVienAttach.sql","HR_CandidateAttachTbl;API_CandidateAttach_SaveAvatar","CREATE;SELECT;ALTER;DELETE;UPDATE;EXEC;INSERT","sys;JSON;HR_CandidateAttachTbl;WA_API;SY_FrmLstTbl","WA_API;SY_FrmLstTbl","","API_LuuDong","","HIGH","RUNTIME","Giữ nguyên runtime hiện tại; không sửa trong Phase 1."
"sql/API/APINEW/API_XuLyChamCongHangNgay.sql","API_XuLyChamCongHangNgay","CREATE;ALTER;SELECT","HR_TimeSheetDayTbl;SY_Period;HR_PersonView;STRING_SPLIT","","","","","LOW","RUNTIME","Giữ nguyên runtime hiện tại; không sửa trong Phase 1."
"sql/API/APINEW/TinhBHStp.sql","TinhBHStp","DROP;CREATE;SELECT","HR_BangThamSoTbl","","","","","LOW","RUNTIME","Giữ nguyên runtime hiện tại; không sửa trong Phase 1."
"sql/API/APINEW/WA_BaoHiemFrm_Save.sql","WA_BaoHiemFrm_Save","DROP;CREATE;EXEC;SELECT","","","","API_LuuDong","","LOW","RUNTIME","Giữ nguyên runtime hiện tại; không sửa trong Phase 1."
"sql/API/APINEW/WA_BaoHiem_PersonLookup.sql","WA_BaoHiem_PersonLookup","DROP;CREATE;ALTER;SELECT","HR_BaoHiemTbl;HR_PersonTbl;HR_HopDongTbl;HR_BaoHiemChiTietTbl","","","","","LOW","RUNTIME","Giữ nguyên runtime hiện tại; không sửa trong Phase 1."
"sql/API/API_ComboFormPosition.sql","API_ComboFormPosition","CREATE;SELECT;DROP","","","#TempPos","","","CRITICAL","DESTRUCTIVE_LEGACY","Cấm chạy trong Phase 1; giữ để tham chiếu và thay bằng script idempotent không cleanup."
"sql/API/API_ComboFormatID.sql","API_ComboFormatID","CREATE;SELECT;DROP","","","#TempFormat","","","CRITICAL","DESTRUCTIVE_LEGACY","Cấm chạy trong Phase 1; giữ để tham chiếu và thay bằng script idempotent không cleanup."
"sql/API/API_ComboPersonStatus.sql","API_ComboPersonStatus","CREATE;ALTER;SELECT;INSERT","HR_PersonStatusTbl;WA_API","WA_API","","","","HIGH","RUNTIME","Giữ nguyên runtime hiện tại; không sửa trong Phase 1."
"sql/API/API_DanhSachTaiKhoan.sql","API_DanhSachTaiKhoan","DROP;CREATE;SELECT","SY_User","","","","","LOW","RUNTIME","Giữ nguyên runtime hiện tại; không sửa trong Phase 1."
"sql/API/API_DanhSachTruongGiaoDien.sql","API_DanhSachTruongGiaoDien","DROP;CREATE;SELECT;EXEC","SY_FormatFields;SY_FrmLstTbl","","","sp_executesql","","LOW","RUNTIME","Giữ nguyên cho Add/Edit/Filter legacy; Grid V2 không dùng làm nguồn chính."
"sql/API/API_DongBoQuyenTruyCap.sql","API_DongBoQuyenTruyCap","DROP;CREATE;DELETE;SELECT;INSERT;UPDATE","WA_UserGroupPermisstion;SY_UserGroup;WA_Menu;SY_Setup","WA_UserGroupPermisstion;SY_Setup","WA_UserGroupPermisstion","","","CRITICAL","DESTRUCTIVE_LEGACY","Cấm chạy trong Phase 1; giữ để tham chiếu và thay bằng script idempotent không cleanup."
"sql/API/API_DongBoTruongGiaoDien.sql","API_DongBoTruongGiaoDien","DROP;EXEC;CREATE;SELECT;INSERT;DELETE;UPDATE","dmkhachhang;sys;SY_FormatFields;cur","SY_FormatFields","SY_FormatFields","API_DongBoTruongGiaoDien;IF;API_LuuTruongGiaoDien;API_LayCacTruongGiaoDien","WA_BangThueTNCNFrm","CRITICAL","DESTRUCTIVE_LEGACY","Cấm chạy trong Phase 1; giữ để tham chiếu và thay bằng script idempotent không cleanup."
"sql/API/API_Gateway_Router.sql","API_Gateway_Router","CREATE;ALTER;DELETE;UPDATE;SELECT;EXEC","WA_API;SY_User;STRING_SPLIT;OPENJSON;sys","c","","IF","","HIGH","RUNTIME","Giữ nguyên runtime hiện tại; không sửa trong Phase 1."
"sql/API/API_LayCacTruongGiaoDien.sql","API_LayCacTruongGiaoDien","CREATE;ALTER;SELECT;EXEC","SY_FormatFields;SY_FrmLstTbl","","","API_LayCacTruongGiaoDien","","LOW","RUNTIME","Giữ nguyên cho Add/Edit/Filter legacy; Grid V2 không dùng làm nguồn chính."
"sql/API/API_LayChuThichLich.sql","API_LayChuThichLich","CREATE;SELECT","tbmk_Biennhancoccho;tbmk_Hopdong","","","","","LOW","RUNTIME","Giữ nguyên runtime hiện tại; không sửa trong Phase 1."
"sql/API/API_LayDanhSachMenuTatCa.sql","API_LayDanhSachMenuTatCa","ALTER;SELECT","WA_Menu","","","","","LOW","RUNTIME","Giữ nguyên runtime hiện tại; không sửa trong Phase 1."
"sql/API/API_LayDanhSachNhom.sql","API_LayDanhSachNhom","CREATE;SELECT","SY_UserGroup","","","","","LOW","RUNTIME","Giữ nguyên runtime hiện tại; không sửa trong Phase 1."
"sql/API/API_LayGiaTriSetup.sql","API_LayGiaTriSetup","CREATE;ALTER;SELECT","SY_Setup","","","","","LOW","RUNTIME","Giữ nguyên runtime hiện tại; không sửa trong Phase 1."
"sql/API/API_LayMenuTheoNhomQuyen.sql","API_LayMenuTheoNhomQuyen","ALTER;SELECT","WA_Menu;WA_UserGroupPermisstion","","","","","LOW","RUNTIME","Giữ nguyên runtime hiện tại; không sửa trong Phase 1."
"sql/API/API_LayPhienBanQuyen.sql","API_LayPhienBanQuyen","CREATE;SELECT","SY_Setup","","","","","LOW","RUNTIME","Giữ nguyên runtime hiện tại; không sửa trong Phase 1."
"sql/API/API_LayQuyenCuaToi.sql","API_LayQuyenCuaToi","CREATE;SELECT","SY_User;WA_UserGroupPermisstion;WA_Menu","","","","","LOW","RUNTIME","Giữ nguyên runtime hiện tại; không sửa trong Phase 1."
"sql/API/API_LayQuyenNhomDayDu.sql","API_LayQuyenNhomDayDu","ALTER;SELECT","WA_Menu;WA_UserGroupPermisstion;ON","","","","","LOW","RUNTIME","Giữ nguyên runtime hiện tại; không sửa trong Phase 1."
"sql/API/API_LuuCauHinhForm.sql","API_LuuCauHinhForm","DROP;CREATE;SELECT;UPDATE;INSERT","SY_FrmLstTbl","SY_FrmLstTbl","","","","HIGH","RUNTIME","Giữ nguyên runtime hiện tại; không sửa trong Phase 1."
"sql/API/API_LuuDong.sql","API_LuuDong","DROP;CREATE;SELECT;EXEC;ALTER;UPDATE;INSERT;DELETE","sys;SY_FrmLstTbl;SY_User;WA_Menu;WA_UserGroupPermisstion;v;OPENJSON","","#JsonData;#JsonDataRaw;trong","sp_executesql;sp_getapplock;sp_releaseapplock","","CRITICAL","DESTRUCTIVE_LEGACY","Cấm chạy trong Phase 1; giữ để tham chiếu và thay bằng script idempotent không cleanup."
"sql/API/API_LuuHopDong.sql","API_LuuHopDong","CREATE;SELECT;INSERT;UPDATE;DELETE","tbmk_Hopdong;tbmk_Hopdongsanhtiec;OPENJSON;tbmk_Biennhancoccho;tbmk_Biennhancocchosanhtiec;dmkhachhang","dmkhachhang;tbmk_Hopdong;tbmk_Biennhancoccho;tbmk_Hopdongsanhtiec","tbmk_Hopdongsanhtiec","","","CRITICAL","DESTRUCTIVE_LEGACY","Cấm chạy trong Phase 1; giữ để tham chiếu và thay bằng script idempotent không cleanup."
"sql/API/API_LuuKhachDen.sql","API_LuuKhachDen","CREATE;ALTER;SELECT;INSERT;UPDATE;DELETE","dmkhachhang;dmGoiThucDon;tbmk_Khachthamquansanhtiec;OPENJSON","dmkhachhang;tbmk_Khachthamquan;tbmk_Khachthamquansanhtiec","tbmk_Khachthamquansanhtiec","","","CRITICAL","DESTRUCTIVE_LEGACY","Cấm chạy trong Phase 1; giữ để tham chiếu và thay bằng script idempotent không cleanup."
"sql/API/API_LuuKhachHang.sql","API_LuuKhachHang","CREATE;SELECT;INSERT;UPDATE","dmkhachhang","dmkhachhang","","","","HIGH","RUNTIME","Giữ nguyên runtime hiện tại; không sửa trong Phase 1."
"sql/API/API_LuuMenu.sql","API_LuuMenu","ALTER;SELECT;INSERT;UPDATE","WA_Menu","WA_Menu;WA_UserGroupPermisstion;WA_UserPermisstion","","","","HIGH","RUNTIME","Giữ nguyên runtime hiện tại; không sửa trong Phase 1."
"sql/API/API_LuuPhieuCoc.sql","API_LuuPhieuCoc","CREATE;ALTER;SELECT;INSERT;UPDATE;DELETE","dmkhachhang;tbmk_Biennhancocchosanhtiec;OPENJSON","dmkhachhang;tbmk_Biennhancoccho;tbmk_Biennhancocchosanhtiec","tbmk_Biennhancocchosanhtiec","","","CRITICAL","DESTRUCTIVE_LEGACY","Cấm chạy trong Phase 1; giữ để tham chiếu và thay bằng script idempotent không cleanup."
"sql/API/API_LuuQuyenCuaNhom.sql","API_LuuQuyenCuaNhom","ALTER;UPDATE;SELECT;INSERT","SY_Setup","WA_UserGroupPermisstion;SY_Setup","","","","HIGH","RUNTIME","Giữ nguyên runtime hiện tại; không sửa trong Phase 1."
"sql/API/API_LuuQuyenToan.sql","API_LuuQuyenToan","CREATE;ALTER;INSERT;UPDATE;SELECT","tbmk_Phieuthu","tbmk_Phieuthu;tbmk_Hopdong","","","","HIGH","RUNTIME","Giữ nguyên runtime hiện tại; không sửa trong Phase 1."
"sql/API/API_LuuTaiKhoan.sql","API_LuuTaiKhoan","CREATE;ALTER;SELECT;UPDATE;INSERT","SY_User","UPDATE;password;SY_User","","","","HIGH","RUNTIME","Giữ nguyên runtime hiện tại; không sửa trong Phase 1."
"sql/API/API_LuuThuTuMenu.sql","API_LuuThuTuMenu","ALTER;INSERT;SELECT;UPDATE","WA_Menu;WA_UserGroupPermisstion;WA_UserPermisstion","M;P;U","","","","HIGH","RUNTIME","Giữ nguyên runtime hiện tại; không sửa trong Phase 1."
"sql/API/API_LuuTruongGiaoDien.sql","API_LuuTruongGiaoDien","DROP;CREATE;SELECT;UPDATE;INSERT","SY_FormatFields","SY_FormatFields","","","WA_BangThueTNCNFrm","HIGH","RUNTIME","Giữ nguyên cho Add/Edit/Filter legacy; Grid V2 không dùng làm nguồn chính."
"sql/API/API_TruyVanDong.sql","API_TruyVanDong","CREATE;ALTER;SELECT;EXEC","SY_FrmLstTbl;sys;OPENJSON;SY_FormatFields","","","sp_executesql","","LOW","RUNTIME","Giữ nguyên cho Add/Edit/Filter legacy; Grid V2 không dùng làm nguồn chính."
"sql/API/API_XoaDong.sql","API_XoaDong","DROP;CREATE;SELECT;EXEC;DELETE;UPDATE","sys;SY_FrmLstTbl;OPENJSON;SY_User;WA_Menu;WA_UserGroupPermisstion;string_split","","","sp_executesql","","HIGH","RUNTIME","Giữ nguyên runtime hiện tại; không sửa trong Phase 1."
"sql/API/API_XoaKhachDen.sql","API_XoaKhachDen","CREATE;ALTER;DELETE;SELECT","tbmk_Khachthamquansanhtiec;string_split;tbmk_Khachthamquan","","tbmk_Khachthamquansanhtiec;tbmk_Khachthamquan","","","CRITICAL","DESTRUCTIVE_LEGACY","Cấm chạy trong Phase 1; giữ để tham chiếu và thay bằng script idempotent không cleanup."
"sql/API/API_XoaMenu.sql","API_XoaMenu","CREATE;DELETE;SELECT","WA_UserGroupPermisstion;WA_Menu;WA_UserPermisstion","","WA_UserGroupPermisstion;WA_UserPermisstion;WA_Menu","","","CRITICAL","DESTRUCTIVE_LEGACY","Cấm chạy trong Phase 1; giữ để tham chiếu và thay bằng script idempotent không cleanup."
"sql/API/API_XoaTruongGiaoDien.sql","API_XoaTruongGiaoDien","DROP;CREATE;SELECT;DELETE","SY_FormatFields;STRING_SPLIT","","SY_FormatFields","","WA_BangThueTNCNFrm","CRITICAL","DESTRUCTIVE_LEGACY","Cấm chạy trong Phase 1; giữ để tham chiếu và thay bằng script idempotent không cleanup."
"sql/API/API_tbmk_Thaydoi_View.sql","API_tbmk_Thaydoi_View","CREATE;SELECT;UPDATE","tbmk_Thaydoi","WA_API","","","","HIGH","RUNTIME","Giữ nguyên runtime hiện tại; không sửa trong Phase 1."
"sql/API/Combined_API.sql","API_BangChamCongTongHop;API_BangPhuCap;API_BangPhuCap_Detail;API_BangThamSo;API_BangThueTNCN;API_BaoCaoChamCong;API_BaoCaoChamCongChiTiet;API_BaoCaoChamCongTongHop;API_BaoCaoLuong;API_BaoCaoNghiPhepReportStp;API_BaoCaoNhanSuReportStp;API_BaoHiem;API_BaoHiem_Detail;API_BaoHiem_PersonLookup;API_CaLamViec;API_CaLamViec_NhanVien;API_CaLamViec_ChiTiet;API_DanhSachBangCap;API_DanhSachBenhVien;API_DanhSachBoPhan;API_DanhSachCaLamViec;API_DanhSachCaLamViecChiNhanh;API_DanhSachChiNhanh;API_DanhSachChucDanh;API_DanhSachChucVu;API_DanhSachCongViec;API_DanhSachDanToc;API_DanhSachHinhThucNghi;API_DanhSachHocVan;API_DanhSachLoaiHD","CREATE;ALTER;SELECT;EXEC;UPDATE;DROP;DELETE;INSERT","HR_TimeSheetTbl;HR_PersonTbl;HR_BangPhuCapTbl;HR_PersonAllowanceTbl;HR_BangThamSoTbl;HR_BangThueTNCNTbl;SY_Period;HR_TimeSheetDayTbl;HR_HopDongTbl;SY_String2TableFnc;HR_NghiPhepTbl;HR_NghiPhepDetailTbl;CTE_NghiPhep;HR_HolidayTbl;CTE_TongNghi;CTE_CongLe;NgayCTE;master;BungDonNghi;HR_LuongKhoanTbl;NghiPhep;HR_HinhThucNghiListTbl;HR_DepartmentListTbl;HR_PersonNghiPhepTbl;CongLe;LuongKhoan;CongDiLamHopLe;CongNghiCoLuong;CongNghiHieuHy;CongNghiPhepBuLe","TS;WA_API;SY_FormatFields;SY_FrmLstTbl;WA_UserGroupPermisstion;SY_Setup;c;dmkhachhang;tbmk_Hopdong;tbmk_Biennhancoccho;tbmk_Hopdongsanhtiec;tbmk_Khachthamquan;tbmk_Khachthamquansanhtiec;WA_Menu;WA_UserPermisstion;tbmk_Biennhancocchosanhtiec;tbmk_Phieuthu;UPDATE;password;SY_User;M;P;U;HR_PayrollTbl;H;HR_PayrollDetailTbl;HR_TimeSheetDayTbl","#ChamCongGom;#DetailPivot;IF;WA_API;SY_FrmLstTbl;#TempFormat;#TempPos;WA_UserGroupPermisstion;SY_FormatFields;#JsonData;#JsonDataRaw;trong;tbmk_Hopdongsanhtiec;tbmk_Khachthamquansanhtiec;tbmk_Biennhancocchosanhtiec;tbmk_Khachthamquan;WA_UserPermisstion;WA_Menu;HR_PayrollTbl","HR_TimeSheetDay_Process_Stp;HR_TimeSheet_UpdateDailyStatus_Stp;sp_executesql;HR_PayRoll_Process_Stp;API_BaoCaoNhanSuReportStp;API_DongBoTruongGiaoDien;API_HoSoNhanVien;API_LuuDong;API_QuanLyNghiPhepNam;API_QuanLyNghiPhepNam_ChiTiet;IF;API_LuuTruongGiaoDien;API_LayCacTruongGiaoDien;sp_getapplock;sp_releaseapplock","WA_BangCapListFrm;WA_EducationListFrm;WA_HospitalListFrm;WA_ShiftListFrm;HR_ShiftListCNFrm;CF_BranchListFrm;WA_JobListFrm;WA_PeopleListFrm;WA_HinhThucNghiListFrm;WA_BankListFrm;WA_CareerlListFrm;WA_NationListFrm;WA_ProvinceListFrm;WA_ReligionListFrm;WA_PersonFullFrm;WA_BangThueTNCNFrm","CRITICAL","DESTRUCTIVE_LEGACY","Cấm chạy trong Phase 1; giữ để tham chiếu và thay bằng script idempotent không cleanup."
"sql/API/Inventory_Config.sql","Inventory_Config","DELETE;INSERT","SY_FrmLstTbl;WA_API","SY_FrmLstTbl;WA_API","SY_FrmLstTbl;WA_API","","","CRITICAL","DESTRUCTIVE_LEGACY","Cấm chạy trong Phase 1; giữ để tham chiếu và thay bằng script idempotent không cleanup."
"sql/API/WA_PayRoll_Process_Stp.sql","WA_PayRoll_Process_Stp","CREATE;ALTER;EXEC;SELECT;DROP;DELETE;INSERT;UPDATE","SY_Period;HR_PayrollTbl;HR_PayrollDetailTbl;HR_PersonTbl;HR_BaoHiemChiTietTbl;HR_TimeSheetTbl;HR_BaoHiemTbl;CTE_BH;HR_PersonAllowanceTbl;HR_BangPhuCapTbl;HR_LuongKhoanTbl","HR_PayrollTbl;H;HR_PayrollDetailTbl","IF;HR_PayrollTbl","HR_TimeSheet_UpdateDailyStatus_Stp","","CRITICAL","DESTRUCTIVE_LEGACY","Cấm chạy trong Phase 1; giữ để tham chiếu và thay bằng script idempotent không cleanup."
"sql/API/WA_TimeSheetDay_Process_Stp.sql","WA_TimeSheetDay_Process_Stp","CREATE;ALTER;SELECT;DELETE;INSERT","SY_Period;HR_TimeSheetDayTbl;HR_PersonTbl;X26DIMTUTACACS;Attendance;HR_SapCaChiTietTbl;HR_SapCaTbl;HR_ShiftListTbl;HR_TimeSheetDayEditTbl","HR_TimeSheetDayTbl","","","","MEDIUM","RUNTIME","Giữ nguyên runtime hiện tại; không sửa trong Phase 1."
"sql/Deploy/HRM_Web_Install.sql","HRM_Web_Install","SELECT;CREATE;INSERT;UPDATE;DELETE;EXECUTE","SY_UserGroup;Date;HR_StatusTbl;HR_HinhThucNghiListTbl;WA_Menu;SY_FrmLstTbl;WA_API;SY_FormatFields;WA_UserGroupPermisstion","WA_Menu;SY_FrmLstTbl;WA_API;SY_FormatFields;WA_UserGroupPermisstion","","","WA_PersonFullFrm;WA_PERSONFULLFRM;WA_HopDongLaoDongFrm;WA_HOPDONGLAODONGFRM;WA_BaoHiemFrm;WA_BAOHIEMFRM;WA_KinhPhiCongDoanFrm;WA_TimeSheetFrm;WA_TimeSheetDayFrm;WA_CaLamViecFrm;WA_DepartmentListFrm;WA_TitleListFrm;WA_ShiftListFrm;WA_ReligionListFrm;WA_HinhThucNghiListFrm;CF_BranchListFrm;WA_ShiftListCNFrm;WA_ChucDanhFrm;WA_BangThueTNCNFrm;WA_BangThamSoFrm;WA_LuongKhoanFrm;WA_BangPhuCapFrm;WA_PayrollFrm;WA_PAYROLLFRM;WA_QuanLyNghiPhepNamFrm;WA_QuanLyNghiLeFrm;WA_DonXinNghiPhepFrm;WA_KhenThuongFrm;WA_SuCoFrm;WA_PhucLoiFrm","HIGH","INSTALLER_LEGACY","Không chạy trong Phase 1; rà soát riêng trước mọi đợt cài đặt sau."
"sql/FieldSyncPhase1/00_KIEM_TRA_NGUON.sql","00_KIEM_TRA_NGUON","SELECT","WA_API;SY_FrmLstTbl;SY_FmtFldTbl","","","","WA_BangThueTNCNFrm;HR_BangThueTNCNFrm;WA_ChucDanhFrm;HR_ChucDanhFrm","LOW","SAFE_READONLY","Giữ trong Phase 1; chạy theo đúng thứ tự triển khai/kiểm tra."
"sql/FieldSyncPhase1/01_API_WEB_GRID_FIELD_SCHEMA_V2.sql","API_Web_GridFieldSchemaV2","EXEC;CREATE;ALTER;SELECT;DELETE;INSERT","SY_User;WA_Menu;WA_UserGroupPermisstion;WA_UserPermisstion;STRING_SPLIT;WA_API;SY_FrmLstTbl;sys;SY_FmtFldTbl;SY_FmatTbl;SY_FrmDrdwTbl","","","","WA_BangThueTNCNFrm;HR_BangThueTNCNFrm","LOW","SAFE_READONLY","Giữ trong Phase 1; chạy theo đúng thứ tự triển khai/kiểm tra."
"sql/FieldSyncPhase1/02_API_WEB_LOOKUP_SCHEMA_V2.sql","API_Web_LookupSchemaV2","EXEC;CREATE;ALTER;SELECT;INSERT","SY_User;WA_Menu;WA_UserGroupPermisstion;STRING_SPLIT;SY_FrmDrdwTbl;WA_API","","","","","LOW","SAFE_READONLY","Giữ trong Phase 1; chạy theo đúng thứ tự triển khai/kiểm tra."
"sql/FieldSyncPhase1/03_API_WEB_GRID_FIELD_COMPARE_V2.sql","API_Web_GridFieldCompareV2","EXEC;CREATE;ALTER;SELECT;INSERT","SY_FrmLstTbl;SY_FormatFields;Legacy;V2","","","API_Web_GridFieldSchemaV2","","LOW","SAFE_READONLY","Giữ trong Phase 1; chạy theo đúng thứ tự triển khai/kiểm tra."
"sql/FieldSyncPhase1/04_DANG_KY_API_READONLY.sql","04_DANG_KY_API_READONLY","EXECUTE;ALTER;INSERT;SELECT;UPDATE","WA_API","WA_API;A","","do","","HIGH","REGISTER_ONLY","Không chạy script đăng ký cũ; chỉ dùng 04_DANG_KY_API_READONLY.sql cho contract V2."
"sql/FieldSyncPhase1/05_KIEM_TRA_SAU_CAI_DAT.sql","05_KIEM_TRA_SAU_CAI_DAT","INSERT;SELECT;EXECUTE","WA_API;sys","","","rows","WA_BangThueTNCNFrm;WA_ChucDanhFrm","LOW","SAFE_READONLY","Giữ trong Phase 1; chạy theo đúng thứ tự triển khai/kiểm tra."
"sql/Insert/Combined_Insert_Temp.sql","Combined_Insert_Temp","DELETE;INSERT;EXEC;UPDATE;SELECT;EXECUTE;DROP","SY_FrmCfg;SY_FrmDrdwTbl;SY_FrmExpTbl;SY_FrmFltTbl;SY_FrmGrdActTbl;SY_FrmMstActTbl;SY_FrmOptBtnTbl;SY_FrmCtrTbl;SY_FrmLstTbl;SY_FormatFields;WA_API;WA_Menu;SY_StTbl;SY_UserGroup;SY_UserGroupPermisstion;STRING_SPLIT;HR_PersonTbl;HR_BaoHiemChiTietTbl;HR_BaoHiemTbl;HR_BangThamSoTbl;CF_BranchTbl;SY_FmtFldTbl;Date;SY_Period;HR_DepartmentListTbl","SY_FrmLstTbl;WA_API;SY_FormatFields;WA_Menu;SY_UserGroupPermisstion;SY_FrmFltTbl;SY_FrmCfg;SY_FrmGrdActTbl;SY_FrmCtrTbl;SY_FrmDrdwTbl;SY_FmtFldTbl;SY_FrmExpTbl","SY_FrmCfg;SY_FrmDrdwTbl;SY_FrmExpTbl;SY_FrmFltTbl;SY_FrmGrdActTbl;SY_FrmMstActTbl;SY_FrmOptBtnTbl;SY_FrmCtrTbl;SY_FrmLstTbl;SY_FormatFields;WA_API;WA_Menu;SY_StTbl","API_DongBoTruongGiaoDien;cho;API_DongBoQuyenTruyCap","WA_BangPhuCapFrm;WA_BangThamSoFrm;WA_BangThueTNCNFrm;CF_BranchListFrm;WA_BaoHiemFrm;WA_BAOHIEMFRM;WA_CaLamViecFrm;WA_DanhSachUngVienFrm;WA_HopDongLaoDongFrm;WA_HOPDONGLAODONGFRM;WA_KinhPhiCongDoanFrm;WA_LuongKhoanFrm;WA_PayrollFrm;WA_PAYROLLFRM;WA_PersonFullFrm;WA_PERSONFULLFRM;WA_QuanLyNghiLeFrm;WA_QuanLyNghiPhepNamFrm;WA_ShiftListCNFrm;WA_TimeSheetDayFrm;WA_TimeSheetDayEditFrm;WA_TimeSheetFrm;WA_TimeSheetEditFrm;WA_ShiftListFrm;WA_BankListFrm;WA_NationListFrm;WA_ProvinceListFrm;WA_PeopleListFrm;WA_ReligionListFrm;WA_EducationListFrm","CRITICAL","DESTRUCTIVE_LEGACY","Cấm chạy trong Phase 1; giữ để tham chiếu và thay bằng script idempotent không cleanup."
"sql/Insert/Insert_API_Report_SalesStats.sql","Insert_API_Report_SalesStats","DELETE;EXECUTE;INSERT","WA_API","WA_API","WA_API","","","CRITICAL","DESTRUCTIVE_LEGACY","Cấm chạy trong Phase 1; giữ để tham chiếu và thay bằng script idempotent không cleanup."
"sql/Insert/Insert_CaLamViec_NhanVien_Register.sql","Insert_CaLamViec_NhanVien_Register","DELETE;INSERT","WA_API","WA_API","WA_API","","","CRITICAL","DESTRUCTIVE_LEGACY","Cấm chạy trong Phase 1; giữ để tham chiếu và thay bằng script idempotent không cleanup."
"sql/Insert/Insert_HoSoNhanVien.sql","Insert_HoSoNhanVien","DELETE;INSERT;EXEC;UPDATE;SELECT","SY_FrmCfg;SY_FrmDrdwTbl;SY_FrmExpTbl;SY_FrmFltTbl;SY_FrmGrdActTbl;SY_FrmMstActTbl;SY_FrmOptBtnTbl;SY_FrmCtrTbl;SY_FrmLstTbl;SY_FormatFields;WA_Menu;WA_API","SY_FrmLstTbl;WA_API;SY_FrmCfg;SY_FormatFields;WA_Menu","SY_FrmCfg;SY_FrmDrdwTbl;SY_FrmExpTbl;SY_FrmFltTbl;SY_FrmGrdActTbl;SY_FrmMstActTbl;SY_FrmOptBtnTbl;SY_FrmCtrTbl;SY_FrmLstTbl;SY_FormatFields;WA_Menu;WA_API","API_DongBoTruongGiaoDien;API_DongBoQuyenTruyCap","WA_PersonFullFrm;CF_BranchListFrm;WA_PERSONFULLFRM","CRITICAL","DESTRUCTIVE_LEGACY","Cấm chạy trong Phase 1; giữ để tham chiếu và thay bằng script idempotent không cleanup."
"sql/Insert/Insert_WA_BangPhuCapFrm_SY_FormatFields.sql","Insert_WA_BangPhuCapFrm_SY_FormatFields","DELETE;INSERT;EXEC;UPDATE","SY_FrmCfg;SY_FrmDrdwTbl;SY_FrmExpTbl;SY_FrmFltTbl;SY_FrmGrdActTbl;SY_FrmMstActTbl;SY_FrmOptBtnTbl;SY_FrmCtrTbl;SY_FrmLstTbl;SY_FormatFields;WA_API;WA_Menu","SY_FrmLstTbl;WA_API;SY_FormatFields;WA_Menu","SY_FrmCfg;SY_FrmDrdwTbl;SY_FrmExpTbl;SY_FrmFltTbl;SY_FrmGrdActTbl;SY_FrmMstActTbl;SY_FrmOptBtnTbl;SY_FrmCtrTbl;SY_FrmLstTbl;SY_FormatFields;WA_API;WA_Menu","API_DongBoTruongGiaoDien","WA_BangPhuCapFrm","CRITICAL","DESTRUCTIVE_LEGACY","Cấm chạy trong Phase 1; giữ để tham chiếu và thay bằng script idempotent không cleanup."
"sql/Insert/Insert_WA_BangThamSoFrm_SY_FormatFields.sql","Insert_WA_BangThamSoFrm_SY_FormatFields","DELETE;INSERT;EXEC;UPDATE","SY_FrmCfg;SY_FrmDrdwTbl;SY_FrmExpTbl;SY_FrmFltTbl;SY_FrmGrdActTbl;SY_FrmMstActTbl;SY_FrmOptBtnTbl;SY_FrmCtrTbl;SY_FrmLstTbl;SY_FormatFields;WA_API;WA_Menu","SY_FrmLstTbl;WA_API;SY_FormatFields;WA_Menu","SY_FrmCfg;SY_FrmDrdwTbl;SY_FrmExpTbl;SY_FrmFltTbl;SY_FrmGrdActTbl;SY_FrmMstActTbl;SY_FrmOptBtnTbl;SY_FrmCtrTbl;SY_FrmLstTbl;SY_FormatFields;WA_API;WA_Menu","API_DongBoTruongGiaoDien","WA_BangThamSoFrm","CRITICAL","DESTRUCTIVE_LEGACY","Cấm chạy trong Phase 1; giữ để tham chiếu và thay bằng script idempotent không cleanup."
"sql/Insert/Insert_WA_BangThueTNCNFrm_SY_FormatFields.sql","Insert_WA_BangThueTNCNFrm_SY_FormatFields","DELETE;INSERT;EXEC;UPDATE","SY_FrmCfg;SY_FrmDrdwTbl;SY_FrmExpTbl;SY_FrmFltTbl;SY_FrmGrdActTbl;SY_FrmMstActTbl;SY_FrmOptBtnTbl;SY_FrmCtrTbl;SY_FrmLstTbl;SY_FormatFields;WA_API;WA_Menu","SY_FrmLstTbl;WA_API;SY_FormatFields;WA_Menu","SY_FrmCfg;SY_FrmDrdwTbl;SY_FrmExpTbl;SY_FrmFltTbl;SY_FrmGrdActTbl;SY_FrmMstActTbl;SY_FrmOptBtnTbl;SY_FrmCtrTbl;SY_FrmLstTbl;SY_FormatFields;WA_API;WA_Menu","API_DongBoTruongGiaoDien","WA_BangThueTNCNFrm","CRITICAL","DESTRUCTIVE_LEGACY","Cấm chạy trong Phase 1; giữ để tham chiếu và thay bằng script idempotent không cleanup."
"sql/Insert/Insert_WA_BaoCaoLuongReport_SY_FormatFields.sql","Insert_WA_BaoCaoLuongReport_SY_FormatFields","DELETE;INSERT;UPDATE","SY_FormatFields;WA_API","SY_FormatFields;WA_API","SY_FormatFields;WA_API","","CF_BranchListFrm","CRITICAL","DESTRUCTIVE_LEGACY","Cấm chạy trong Phase 1; giữ để tham chiếu và thay bằng script idempotent không cleanup."
"sql/Insert/Insert_WA_BaoCaoNghiPhepReport_SY_FormatFields.sql","Insert_WA_BaoCaoNghiPhepReport_SY_FormatFields","DELETE;INSERT;UPDATE","SY_FormatFields;WA_API","SY_FormatFields;WA_API","SY_FormatFields;WA_API","","CF_BranchListFrm","CRITICAL","DESTRUCTIVE_LEGACY","Cấm chạy trong Phase 1; giữ để tham chiếu và thay bằng script idempotent không cleanup."
"sql/Insert/Insert_WA_BaoCaoNhanSuReport_Config.sql","Insert_WA_BaoCaoNhanSuReport_Config","INSERT;DELETE;SELECT","SY_FormatFields;Date;SY_FrmFltTbl;SY_FrmLstTbl","SY_FormatFields;SY_FrmFltTbl;SY_FrmLstTbl","SY_FormatFields;SY_FrmFltTbl","","CF_BranchListFrm","CRITICAL","DESTRUCTIVE_LEGACY","Cấm chạy trong Phase 1; giữ để tham chiếu và thay bằng script idempotent không cleanup."
"sql/Insert/Insert_WA_BaoCaoNhanSuReport_SY_FormatFields.sql","Insert_WA_BaoCaoNhanSuReport_SY_FormatFields","DELETE;INSERT;EXEC;SELECT;UPDATE","SY_FrmCfg;SY_FrmDrdwTbl;SY_FrmExpTbl;SY_FrmFltTbl;SY_FrmGrdActTbl;SY_FrmMstActTbl;SY_FrmOptBtnTbl;SY_FrmCtrTbl;SY_FrmLstTbl;SY_FormatFields;WA_API","SY_FrmLstTbl;WA_API;SY_FormatFields","SY_FrmCfg;SY_FrmDrdwTbl;SY_FrmExpTbl;SY_FrmFltTbl;SY_FrmGrdActTbl;SY_FrmMstActTbl;SY_FrmOptBtnTbl;SY_FrmCtrTbl;SY_FrmLstTbl;SY_FormatFields;WA_API","API_DongBoTruongGiaoDien","CF_BranchListFrm","CRITICAL","DESTRUCTIVE_LEGACY","Cấm chạy trong Phase 1; giữ để tham chiếu và thay bằng script idempotent không cleanup."
"sql/Insert/Insert_WA_BaoHiemFrm_Config.sql","Insert_WA_BaoHiemFrm_Config","DELETE;INSERT;SELECT;EXEC;UPDATE","SY_FrmCfg;SY_FrmDrdwTbl;SY_FrmExpTbl;SY_FrmFltTbl;SY_FrmGrdActTbl;SY_FrmMstActTbl;SY_FrmOptBtnTbl;SY_FrmCtrTbl;SY_StTbl;SY_FormatFields;WA_API;WA_Menu;SY_UserGroup;SY_UserGroupPermisstion;SY_FrmLstTbl;HR_BangThamSoTbl;SY_FmtFldTbl","WA_Menu;SY_UserGroupPermisstion;SY_FrmLstTbl;WA_API;SY_FrmFltTbl;SY_FrmGrdActTbl;SY_FrmDrdwTbl;SY_FrmExpTbl;SY_FrmCfg;SY_FmtFldTbl;SY_FormatFields","SY_FrmCfg;SY_FrmDrdwTbl;SY_FrmExpTbl;SY_FrmFltTbl;SY_FrmGrdActTbl;SY_FrmMstActTbl;SY_FrmOptBtnTbl;SY_FrmCtrTbl;SY_StTbl;SY_FormatFields;WA_API;WA_Menu;SY_FrmLstTbl","API_DongBoTruongGiaoDien","WA_BaoHiemFrm;WA_BAOHIEMFRM;CF_BranchListFrm","CRITICAL","DESTRUCTIVE_LEGACY","Cấm chạy trong Phase 1; giữ để tham chiếu và thay bằng script idempotent không cleanup."
"sql/Insert/Insert_WA_CaLamViecFrm_SY_FormatFields.sql","Insert_WA_CaLamViecFrm_SY_FormatFields","DELETE;INSERT;EXEC;UPDATE","SY_FrmCfg;SY_FrmDrdwTbl;SY_FrmExpTbl;SY_FrmFltTbl;SY_FrmGrdActTbl;SY_FrmMstActTbl;SY_FrmOptBtnTbl;SY_FrmCtrTbl;SY_FrmLstTbl;SY_FormatFields;WA_API;WA_Menu;Date","SY_FrmLstTbl;SY_FrmCfg;WA_API;SY_FormatFields;SY_FrmFltTbl;WA_Menu","SY_FrmCfg;SY_FrmDrdwTbl;SY_FrmExpTbl;SY_FrmFltTbl;SY_FrmGrdActTbl;SY_FrmMstActTbl;SY_FrmOptBtnTbl;SY_FrmCtrTbl;SY_FrmLstTbl;SY_FormatFields;WA_API;WA_Menu","API_DongBoTruongGiaoDien","WA_CaLamViecFrm","CRITICAL","DESTRUCTIVE_LEGACY","Cấm chạy trong Phase 1; giữ để tham chiếu và thay bằng script idempotent không cleanup."
"sql/Insert/Insert_WA_ChucDanhFrm.sql","Insert_WA_ChucDanhFrm","DELETE;INSERT;EXEC;UPDATE;SELECT","SY_FrmCfg;SY_FrmDrdwTbl;SY_FrmExpTbl;SY_FrmFltTbl;SY_FrmGrdActTbl;SY_FrmMstActTbl;SY_FrmOptBtnTbl;SY_FrmCtrTbl;SY_FrmLstTbl;SY_FormatFields;WA_API;WA_Menu","SY_FrmLstTbl;WA_API;SY_FormatFields;WA_Menu","SY_FrmCfg;SY_FrmDrdwTbl;SY_FrmExpTbl;SY_FrmFltTbl;SY_FrmGrdActTbl;SY_FrmMstActTbl;SY_FrmOptBtnTbl;SY_FrmCtrTbl;SY_FrmLstTbl;SY_FormatFields;WA_API;WA_Menu","API_DongBoTruongGiaoDien","WA_ChucDanhFrm","CRITICAL","DESTRUCTIVE_LEGACY","Cấm chạy trong Phase 1; giữ để tham chiếu và thay bằng script idempotent không cleanup."
"sql/Insert/Insert_WA_DanhSachUngVienFrm.sql","Insert_WA_DanhSachUngVienFrm","DELETE;INSERT;EXEC;UPDATE;SELECT","SY_FrmCfg;SY_FrmDrdwTbl;SY_FrmExpTbl;SY_FrmFltTbl;SY_FrmGrdActTbl;SY_FrmMstActTbl;SY_FrmOptBtnTbl;SY_FrmCtrTbl;SY_FrmLstTbl;SY_FormatFields;WA_API;WA_Menu","SY_FrmLstTbl;SY_FrmCfg;WA_API;SY_FormatFields","SY_FrmCfg;SY_FrmDrdwTbl;SY_FrmExpTbl;SY_FrmFltTbl;SY_FrmGrdActTbl;SY_FrmMstActTbl;SY_FrmOptBtnTbl;SY_FrmCtrTbl;SY_FrmLstTbl;SY_FormatFields;WA_API;WA_Menu","API_DongBoTruongGiaoDien","WA_DanhSachUngVienFrm","CRITICAL","DESTRUCTIVE_LEGACY","Cấm chạy trong Phase 1; giữ để tham chiếu và thay bằng script idempotent không cleanup."
"sql/Insert/Insert_WA_HopDongLaoDongFrm_SY_FormatFields.sql","Insert_WA_HopDongLaoDongFrm_SY_FormatFields","DELETE;INSERT;EXEC;UPDATE;SELECT","SY_FrmCfg;SY_FrmDrdwTbl;SY_FrmExpTbl;SY_FrmFltTbl;SY_FrmGrdActTbl;SY_FrmMstActTbl;SY_FrmOptBtnTbl;SY_FrmCtrTbl;SY_FrmLstTbl;SY_FormatFields;WA_API;WA_Menu","SY_FrmLstTbl;WA_API;SY_FormatFields;WA_Menu","SY_FrmCfg;SY_FrmDrdwTbl;SY_FrmExpTbl;SY_FrmFltTbl;SY_FrmGrdActTbl;SY_FrmMstActTbl;SY_FrmOptBtnTbl;SY_FrmCtrTbl;SY_FrmLstTbl;SY_FormatFields;WA_API;WA_Menu","API_DongBoTruongGiaoDien;API_DongBoQuyenTruyCap","WA_HopDongLaoDongFrm;CF_BranchListFrm;WA_BangPhuCapFrm;WA_HOPDONGLAODONGFRM","CRITICAL","DESTRUCTIVE_LEGACY","Cấm chạy trong Phase 1; giữ để tham chiếu và thay bằng script idempotent không cleanup."
"sql/Insert/Insert_WA_KinhPhiCongDoanFrm.sql","Insert_WA_KinhPhiCongDoanFrm","DELETE;INSERT;SELECT;EXEC;UPDATE","SY_FrmCfg;SY_FrmDrdwTbl;SY_FrmExpTbl;SY_FrmFltTbl;SY_FrmGrdActTbl;SY_FrmMstActTbl;SY_FrmOptBtnTbl;SY_FrmCtrTbl;SY_FrmLstTbl;SY_FormatFields;WA_API;STRING_SPLIT","SY_FrmLstTbl;SY_FrmCfg;SY_FrmExpTbl;WA_API;SY_FormatFields","SY_FrmCfg;SY_FrmDrdwTbl;SY_FrmExpTbl;SY_FrmFltTbl;SY_FrmGrdActTbl;SY_FrmMstActTbl;SY_FrmOptBtnTbl;SY_FrmCtrTbl;SY_FrmLstTbl;SY_FormatFields;WA_API","API_DongBoTruongGiaoDien","WA_KinhPhiCongDoanFrm","CRITICAL","DESTRUCTIVE_LEGACY","Cấm chạy trong Phase 1; giữ để tham chiếu và thay bằng script idempotent không cleanup."
"sql/Insert/Insert_WA_LuongKhoanFrm_SY_FormatFields.sql","Insert_WA_LuongKhoanFrm_SY_FormatFields","DELETE;INSERT;EXEC;UPDATE","SY_FrmCfg;SY_FrmDrdwTbl;SY_FrmExpTbl;SY_FrmFltTbl;SY_FrmGrdActTbl;SY_FrmMstActTbl;SY_FrmOptBtnTbl;SY_FrmCtrTbl;SY_FrmLstTbl;SY_FormatFields;WA_API;WA_Menu;Date","SY_FrmLstTbl;WA_API;SY_FormatFields;WA_Menu","SY_FrmCfg;SY_FrmDrdwTbl;SY_FrmExpTbl;SY_FrmFltTbl;SY_FrmGrdActTbl;SY_FrmMstActTbl;SY_FrmOptBtnTbl;SY_FrmCtrTbl;SY_FrmLstTbl;SY_FormatFields;WA_API;WA_Menu","API_DongBoTruongGiaoDien","WA_LuongKhoanFrm","CRITICAL","DESTRUCTIVE_LEGACY","Cấm chạy trong Phase 1; giữ để tham chiếu và thay bằng script idempotent không cleanup."
"sql/Insert/Insert_WA_PayrollFrm_SY_FormatFields.sql","Insert_WA_PayrollFrm_SY_FormatFields","DELETE;INSERT;SELECT;EXEC;UPDATE","SY_FrmCfg;SY_FrmDrdwTbl;SY_FrmExpTbl;SY_FrmFltTbl;SY_FrmGrdActTbl;SY_FrmMstActTbl;SY_FrmOptBtnTbl;SY_FrmCtrTbl;SY_FrmLstTbl;SY_FormatFields;WA_API;WA_Menu","SY_FrmLstTbl;WA_API;SY_FormatFields;WA_Menu","SY_FrmCfg;SY_FrmDrdwTbl;SY_FrmExpTbl;SY_FrmFltTbl;SY_FrmGrdActTbl;SY_FrmMstActTbl;SY_FrmOptBtnTbl;SY_FrmCtrTbl;SY_FrmLstTbl;SY_FormatFields;WA_API;WA_Menu","API_DongBoTruongGiaoDien;API_DongBoQuyenTruyCap","WA_PayrollFrm;WA_PAYROLLFRM","CRITICAL","DESTRUCTIVE_LEGACY","Cấm chạy trong Phase 1; giữ để tham chiếu và thay bằng script idempotent không cleanup."
"sql/Insert/Insert_WA_QuanLyNghiLeFrm_SY_FormatFields.sql","Insert_WA_QuanLyNghiLeFrm_SY_FormatFields","DELETE;INSERT;EXEC;UPDATE","SY_FrmCfg;SY_FrmDrdwTbl;SY_FrmExpTbl;SY_FrmFltTbl;SY_FrmGrdActTbl;SY_FrmMstActTbl;SY_FrmOptBtnTbl;SY_FrmCtrTbl;SY_FrmLstTbl;SY_FormatFields;WA_API;WA_Menu","SY_FrmLstTbl;SY_FrmCfg;WA_API;SY_FormatFields;WA_Menu","SY_FrmCfg;SY_FrmDrdwTbl;SY_FrmExpTbl;SY_FrmFltTbl;SY_FrmGrdActTbl;SY_FrmMstActTbl;SY_FrmOptBtnTbl;SY_FrmCtrTbl;SY_FrmLstTbl;SY_FormatFields;WA_API;WA_Menu","API_DongBoTruongGiaoDien","WA_QuanLyNghiLeFrm","CRITICAL","DESTRUCTIVE_LEGACY","Cấm chạy trong Phase 1; giữ để tham chiếu và thay bằng script idempotent không cleanup."
"sql/Insert/Insert_WA_QuanLyNghiPhepNamFrm_SY_FormatFields.sql","Insert_WA_QuanLyNghiPhepNamFrm_SY_FormatFields","DELETE;INSERT;EXEC;UPDATE","SY_FrmCfg;SY_FrmDrdwTbl;SY_FrmExpTbl;SY_FrmFltTbl;SY_FrmGrdActTbl;SY_FrmMstActTbl;SY_FrmOptBtnTbl;SY_FrmCtrTbl;SY_FrmLstTbl;SY_FormatFields;WA_API;WA_Menu","SY_FrmLstTbl;SY_FrmCfg;WA_API;SY_FormatFields;WA_Menu","SY_FrmCfg;SY_FrmDrdwTbl;SY_FrmExpTbl;SY_FrmFltTbl;SY_FrmGrdActTbl;SY_FrmMstActTbl;SY_FrmOptBtnTbl;SY_FrmCtrTbl;SY_FrmLstTbl;SY_FormatFields;WA_API;WA_Menu","API_DongBoTruongGiaoDien","WA_QuanLyNghiPhepNamFrm;CF_BranchListFrm","CRITICAL","DESTRUCTIVE_LEGACY","Cấm chạy trong Phase 1; giữ để tham chiếu và thay bằng script idempotent không cleanup."
"sql/Insert/Insert_WA_ShiftListCNFrm_SY_FormatFields.sql","Insert_WA_ShiftListCNFrm_SY_FormatFields","DELETE;INSERT;EXEC;UPDATE","SY_FrmCfg;SY_FrmDrdwTbl;SY_FrmExpTbl;SY_FrmFltTbl;SY_FrmGrdActTbl;SY_FrmMstActTbl;SY_FrmOptBtnTbl;SY_FrmCtrTbl;SY_FrmLstTbl;SY_FormatFields;WA_API;WA_Menu","SY_FrmLstTbl;SY_FrmCfg;WA_API;SY_FrmDrdwTbl;SY_FormatFields;SY_FrmFltTbl;WA_Menu","SY_FrmCfg;SY_FrmDrdwTbl;SY_FrmExpTbl;SY_FrmFltTbl;SY_FrmGrdActTbl;SY_FrmMstActTbl;SY_FrmOptBtnTbl;SY_FrmCtrTbl;SY_FrmLstTbl;SY_FormatFields;WA_API;WA_Menu","API_DongBoTruongGiaoDien","WA_ShiftListCNFrm","CRITICAL","DESTRUCTIVE_LEGACY","Cấm chạy trong Phase 1; giữ để tham chiếu và thay bằng script idempotent không cleanup."
"sql/Insert/Insert_WA_TimeSheetCTReport_SY_FormatFields.sql","Insert_WA_TimeSheetCTReport_SY_FormatFields","DELETE;INSERT;EXEC;UPDATE;SELECT","SY_FrmCfg;SY_FrmDrdwTbl;SY_FrmExpTbl;SY_FrmFltTbl;SY_FrmLstTbl;SY_FormatFields;WA_API;WA_Menu;SY_Period;CF_BranchTbl","SY_FrmLstTbl;SY_FrmCfg;SY_FormatFields;SY_FrmFltTbl;WA_API;WA_Menu","SY_FrmCfg;SY_FrmDrdwTbl;SY_FrmExpTbl;SY_FrmFltTbl;SY_FrmLstTbl;SY_FormatFields;WA_API;WA_Menu","API_DongBoTruongGiaoDien","CF_BranchListFrm","CRITICAL","DESTRUCTIVE_LEGACY","Cấm chạy trong Phase 1; giữ để tham chiếu và thay bằng script idempotent không cleanup."
"sql/Insert/Insert_WA_TimeSheetDayFrm_SY_FormatFields.sql","Insert_WA_TimeSheetDayFrm_SY_FormatFields","DELETE;INSERT;EXEC;UPDATE","SY_FrmCfg;SY_FrmDrdwTbl;SY_FrmExpTbl;SY_FrmFltTbl;SY_FrmGrdActTbl;SY_FrmMstActTbl;SY_FrmOptBtnTbl;SY_FrmCtrTbl;SY_FrmLstTbl;SY_FormatFields;WA_API;WA_Menu","SY_FrmLstTbl;WA_API;SY_FormatFields;WA_Menu","SY_FrmCfg;SY_FrmDrdwTbl;SY_FrmExpTbl;SY_FrmFltTbl;SY_FrmGrdActTbl;SY_FrmMstActTbl;SY_FrmOptBtnTbl;SY_FrmCtrTbl;SY_FrmLstTbl;SY_FormatFields;WA_API;WA_Menu","API_DongBoTruongGiaoDien","WA_TimeSheetDayFrm;WA_TimeSheetDayEditFrm","CRITICAL","DESTRUCTIVE_LEGACY","Cấm chạy trong Phase 1; giữ để tham chiếu và thay bằng script idempotent không cleanup."
"sql/Insert/Insert_WA_TimeSheetFrm_SY_FormatFields.sql","Insert_WA_TimeSheetFrm_SY_FormatFields","DELETE;DROP;INSERT;SELECT;UPDATE;EXECUTE","SY_FrmCfg;SY_FrmDrdwTbl;SY_FrmExpTbl;SY_FrmFltTbl;SY_FrmGrdActTbl;SY_FrmMstActTbl;SY_FrmOptBtnTbl;SY_FrmCtrTbl;SY_FrmLstTbl;SY_FormatFields;WA_API;SY_Period;HR_DepartmentListTbl;HR_PersonTbl","SY_FrmLstTbl;SY_FrmCfg;SY_FrmFltTbl;SY_FormatFields;SY_FrmDrdwTbl;WA_API","SY_FrmCfg;SY_FrmDrdwTbl;SY_FrmExpTbl;SY_FrmFltTbl;SY_FrmGrdActTbl;SY_FrmMstActTbl;SY_FrmOptBtnTbl;SY_FrmCtrTbl;SY_FrmLstTbl;SY_FormatFields;WA_API","","WA_TimeSheetFrm;WA_TimeSheetEditFrm","CRITICAL","DESTRUCTIVE_LEGACY","Cấm chạy trong Phase 1; giữ để tham chiếu và thay bằng script idempotent không cleanup."
"sql/Insert/Insert_WA_TimeSheetReport_SY_FormatFields.sql","Insert_WA_TimeSheetReport_SY_FormatFields","DELETE;INSERT;SELECT","SY_FrmCfg;SY_FrmDrdwTbl;SY_FrmExpTbl;SY_FrmFltTbl;SY_FrmLstTbl;SY_FormatFields;WA_API;SY_Period;HR_DepartmentListTbl","SY_FrmLstTbl;SY_FrmCfg;SY_FormatFields;SY_FrmFltTbl;WA_API","SY_FrmCfg;SY_FrmDrdwTbl;SY_FrmExpTbl;SY_FrmFltTbl;SY_FrmLstTbl;SY_FormatFields;WA_API","","","CRITICAL","DESTRUCTIVE_LEGACY","Cấm chạy trong Phase 1; giữ để tham chiếu và thay bằng script idempotent không cleanup."
"sql/Insert/Insert_WA_TimeSheetTH2Report_SY_FormatFields.sql","Insert_WA_TimeSheetTH2Report_SY_FormatFields","DELETE;INSERT;SELECT;UPDATE","SY_FrmCfg;SY_FrmDrdwTbl;SY_FrmExpTbl;SY_FrmFltTbl;SY_FrmLstTbl;SY_FormatFields;WA_API;SY_Period;HR_DepartmentListTbl","SY_FrmLstTbl;SY_FrmCfg;SY_FormatFields;SY_FrmFltTbl;WA_API","SY_FrmCfg;SY_FrmDrdwTbl;SY_FrmExpTbl;SY_FrmFltTbl;SY_FrmLstTbl;SY_FormatFields;WA_API","","","CRITICAL","DESTRUCTIVE_LEGACY","Cấm chạy trong Phase 1; giữ để tham chiếu và thay bằng script idempotent không cleanup."
"sql/Insert/Insert_WA_TimeSheetTH2Report_WA_API.sql","Insert_WA_TimeSheetTH2Report_WA_API","DELETE;INSERT;EXEC","SY_FrmLstTbl;WA_API","SY_FrmLstTbl;WA_API","SY_FrmLstTbl;WA_API","API_DongBoTruongGiaoDien","","CRITICAL","DESTRUCTIVE_LEGACY","Cấm chạy trong Phase 1; giữ để tham chiếu và thay bằng script idempotent không cleanup."
"sql/Insert/Register_API_DoiMaNhanVien.sql","Register_API_DoiMaNhanVien","DELETE;INSERT;UPDATE","WA_API","WA_API","WA_API","","","CRITICAL","DESTRUCTIVE_LEGACY","Cấm chạy trong Phase 1; giữ để tham chiếu và thay bằng script idempotent không cleanup."
"sql/Insert/Register_API_HoSoNhanVien_CRUD.sql","Register_API_HoSoNhanVien_CRUD","DELETE;INSERT","SY_FrmLstTbl;WA_API","SY_FrmLstTbl;WA_API","SY_FrmLstTbl;WA_API","","WA_PersonFullFrm","CRITICAL","DESTRUCTIVE_LEGACY","Cấm chạy trong Phase 1; giữ để tham chiếu và thay bằng script idempotent không cleanup."
"sql/Insert/Register_All_CRUD_APIs.sql","Register_All_CRUD_APIs","DELETE;INSERT;EXEC","WA_API","WA_API","WA_API","API_DongBoQuyenTruyCap","WA_ShiftListFrm","CRITICAL","DESTRUCTIVE_LEGACY","Cấm chạy trong Phase 1; giữ để tham chiếu và thay bằng script idempotent không cleanup."
"sql/Insert/Register_CF_BranchListFrm.sql","Register_CF_BranchListFrm","DELETE;INSERT;EXEC;UPDATE","SY_FrmLstTbl;WA_API","SY_FrmLstTbl;WA_API;SY_FormatFields","SY_FrmLstTbl;WA_API","API_DongBoTruongGiaoDien;API_DongBoQuyenTruyCap","CF_BranchListFrm","CRITICAL","DESTRUCTIVE_LEGACY","Cấm chạy trong Phase 1; giữ để tham chiếu và thay bằng script idempotent không cleanup."
"sql/Insert/Register_Remaining_List_Forms.sql","Register_Remaining_List_Forms","DELETE;INSERT;EXEC;UPDATE","SY_FrmLstTbl;WA_API","SY_FrmLstTbl;WA_API;SY_FormatFields","SY_FrmLstTbl;WA_API","API_DongBoTruongGiaoDien;API_DongBoQuyenTruyCap","WA_BankListFrm;WA_NationListFrm;WA_ProvinceListFrm;WA_PeopleListFrm;WA_ReligionListFrm;WA_EducationListFrm;WA_BangCapListFrm;WA_CareerlListFrm;WA_HinhThucNghiListFrm;CF_BranchListFrm;WA_BangThueTNCNFrm;WA_BangThamSoFrm","CRITICAL","DESTRUCTIVE_LEGACY","Cấm chạy trong Phase 1; giữ để tham chiếu và thay bằng script idempotent không cleanup."
"sql/Insert/Register_SY_Period_API.sql","Register_SY_Period_API","SELECT;INSERT;UPDATE;EXEC","SY_FrmLstTbl;WA_API","SY_FrmLstTbl;WA_API","","API_DongBoQuyenTruyCap","","HIGH","INSTALLER_LEGACY","Không chạy trong Phase 1; rà soát riêng trước mọi đợt cài đặt sau."
"sql/Insert/Register_WA_BangCapListFrm.sql","Register_WA_BangCapListFrm","DELETE;INSERT;EXEC;UPDATE","SY_FrmLstTbl;WA_API","SY_FrmLstTbl;WA_API;SY_FormatFields","SY_FrmLstTbl;WA_API","API_DongBoTruongGiaoDien;API_DongBoQuyenTruyCap","WA_BangCapListFrm","CRITICAL","DESTRUCTIVE_LEGACY","Cấm chạy trong Phase 1; giữ để tham chiếu và thay bằng script idempotent không cleanup."
"sql/Insert/Register_WA_BangPhuCap_CRUD_And_Person_API.sql","Register_WA_BangPhuCap_CRUD_And_Person_API","DELETE;INSERT;EXEC","WA_API;SY_FrmLstTbl","WA_API;SY_FrmLstTbl","WA_API;SY_FrmLstTbl","API_DongBoQuyenTruyCap","WA_BangPhuCapFrm","CRITICAL","DESTRUCTIVE_LEGACY","Cấm chạy trong Phase 1; giữ để tham chiếu và thay bằng script idempotent không cleanup."
"sql/Insert/Register_WA_BangThamSoFrm.sql","Register_WA_BangThamSoFrm","DELETE;INSERT;EXEC;UPDATE","SY_FrmLstTbl;WA_API","SY_FrmLstTbl;WA_API;SY_FormatFields","SY_FrmLstTbl;WA_API","API_DongBoTruongGiaoDien;API_DongBoQuyenTruyCap","WA_BangThamSoFrm","CRITICAL","DESTRUCTIVE_LEGACY","Cấm chạy trong Phase 1; giữ để tham chiếu và thay bằng script idempotent không cleanup."
"sql/Insert/Register_WA_BangThueTNCNFrm.sql","Register_WA_BangThueTNCNFrm","DELETE;INSERT;EXEC;UPDATE","SY_FrmLstTbl;WA_API","SY_FrmLstTbl;WA_API;SY_FormatFields","SY_FrmLstTbl;WA_API","API_DongBoTruongGiaoDien;API_DongBoQuyenTruyCap","WA_BangThueTNCNFrm","CRITICAL","DESTRUCTIVE_LEGACY","Cấm chạy trong Phase 1; giữ để tham chiếu và thay bằng script idempotent không cleanup."
"sql/Insert/Register_WA_BankListFrm.sql","Register_WA_BankListFrm","DELETE;INSERT;EXEC;UPDATE","SY_FrmLstTbl;WA_API","SY_FrmLstTbl;WA_API;SY_FormatFields","SY_FrmLstTbl;WA_API","API_DongBoTruongGiaoDien;API_DongBoQuyenTruyCap","WA_BankListFrm","CRITICAL","DESTRUCTIVE_LEGACY","Cấm chạy trong Phase 1; giữ để tham chiếu và thay bằng script idempotent không cleanup."
"sql/Insert/Register_WA_CareerlListFrm.sql","Register_WA_CareerlListFrm","DELETE;INSERT;EXEC;UPDATE","SY_FrmLstTbl;WA_API","SY_FrmLstTbl;WA_API;SY_FormatFields","SY_FrmLstTbl;WA_API","API_DongBoTruongGiaoDien;API_DongBoQuyenTruyCap","WA_CareerlListFrm","CRITICAL","DESTRUCTIVE_LEGACY","Cấm chạy trong Phase 1; giữ để tham chiếu và thay bằng script idempotent không cleanup."
"sql/Insert/Register_WA_DepartmentListFrm.sql","Register_WA_DepartmentListFrm","DELETE;INSERT;EXEC;UPDATE","SY_FrmLstTbl;WA_API","SY_FrmLstTbl;WA_API;SY_FormatFields","SY_FrmLstTbl;WA_API","API_DongBoTruongGiaoDien;API_DongBoQuyenTruyCap","WA_DepartmentListFrm","CRITICAL","DESTRUCTIVE_LEGACY","Cấm chạy trong Phase 1; giữ để tham chiếu và thay bằng script idempotent không cleanup."
"sql/Insert/Register_WA_EducationListFrm.sql","Register_WA_EducationListFrm","DELETE;INSERT;EXEC;UPDATE","SY_FrmLstTbl;WA_API","SY_FrmLstTbl;WA_API;SY_FormatFields","SY_FrmLstTbl;WA_API","API_DongBoTruongGiaoDien;API_DongBoQuyenTruyCap","WA_EducationListFrm","CRITICAL","DESTRUCTIVE_LEGACY","Cấm chạy trong Phase 1; giữ để tham chiếu và thay bằng script idempotent không cleanup."
"sql/Insert/Register_WA_HinhThucNghiListFrm.sql","Register_WA_HinhThucNghiListFrm","DELETE;INSERT;EXEC;UPDATE","SY_FrmLstTbl;WA_API","SY_FrmLstTbl;WA_API;SY_FormatFields","SY_FrmLstTbl;WA_API","API_DongBoTruongGiaoDien;API_DongBoQuyenTruyCap","WA_HinhThucNghiListFrm","CRITICAL","DESTRUCTIVE_LEGACY","Cấm chạy trong Phase 1; giữ để tham chiếu và thay bằng script idempotent không cleanup."
"sql/Insert/Register_WA_HospitalListFrm.sql","Register_WA_HospitalListFrm","DELETE;INSERT;EXEC;UPDATE","SY_FrmLstTbl;WA_API","SY_FrmLstTbl;WA_API;SY_FormatFields","SY_FrmLstTbl;WA_API","API_DongBoTruongGiaoDien;API_DongBoQuyenTruyCap","WA_HospitalListFrm","CRITICAL","DESTRUCTIVE_LEGACY","Cấm chạy trong Phase 1; giữ để tham chiếu và thay bằng script idempotent không cleanup."
"sql/Insert/Register_WA_JobListFrm.sql","Register_WA_JobListFrm","DELETE;INSERT;EXEC;UPDATE","SY_FrmLstTbl;WA_API","SY_FrmLstTbl;WA_API;SY_FormatFields","SY_FrmLstTbl;WA_API","API_DongBoTruongGiaoDien;API_DongBoQuyenTruyCap","WA_JobListFrm","CRITICAL","DESTRUCTIVE_LEGACY","Cấm chạy trong Phase 1; giữ để tham chiếu và thay bằng script idempotent không cleanup."
"sql/Insert/Register_WA_NationListFrm.sql","Register_WA_NationListFrm","DELETE;INSERT;EXEC;UPDATE","SY_FrmLstTbl;WA_API","SY_FrmLstTbl;WA_API;SY_FormatFields","SY_FrmLstTbl;WA_API","API_DongBoTruongGiaoDien;API_DongBoQuyenTruyCap","WA_NationListFrm","CRITICAL","DESTRUCTIVE_LEGACY","Cấm chạy trong Phase 1; giữ để tham chiếu và thay bằng script idempotent không cleanup."
"sql/Insert/Register_WA_NguoiDungFrm.sql","Register_WA_NguoiDungFrm","DELETE;SELECT;INSERT;UPDATE;EXEC","SY_FrmCfg;SY_FrmDrdwTbl;SY_FrmExpTbl;SY_FrmFltTbl;SY_FrmGrdActTbl;SY_FrmMstActTbl;SY_FrmOptBtnTbl;SY_FrmCtrTbl;SY_StTbl;SY_FrmLstTbl;SY_FormatFields;WA_API;WA_Menu;SY_UserGroup;SY_UserGroupPermisstion;CF_BranchTbl","WA_Menu;SY_UserGroupPermisstion;SY_FrmLstTbl;WA_API;SY_FormatFields;SY_FrmDrdwTbl","SY_FrmCfg;SY_FrmDrdwTbl;SY_FrmExpTbl;SY_FrmFltTbl;SY_FrmGrdActTbl;SY_FrmMstActTbl;SY_FrmOptBtnTbl;SY_FrmCtrTbl;SY_StTbl;SY_FrmLstTbl;SY_FormatFields;WA_API","API_DongBoTruongGiaoDien","WA_NguoiDungFrm;HR_NguoiDungFrm","CRITICAL","DESTRUCTIVE_LEGACY","Cấm chạy trong Phase 1; giữ để tham chiếu và thay bằng script idempotent không cleanup."
"sql/Insert/Register_WA_NguoiDungNhomFrm.sql","Register_WA_NguoiDungNhomFrm","DELETE;SELECT;INSERT;UPDATE;EXEC","SY_FrmCfg;SY_FrmDrdwTbl;SY_FrmExpTbl;SY_FrmFltTbl;SY_FrmGrdActTbl;SY_FrmMstActTbl;SY_FrmOptBtnTbl;SY_FrmCtrTbl;SY_StTbl;SY_FrmLstTbl;SY_FormatFields;WA_API;WA_Menu;SY_UserGroup;SY_UserGroupPermisstion","WA_Menu;SY_UserGroupPermisstion;SY_FrmLstTbl;WA_API;SY_FormatFields","SY_FrmCfg;SY_FrmDrdwTbl;SY_FrmExpTbl;SY_FrmFltTbl;SY_FrmGrdActTbl;SY_FrmMstActTbl;SY_FrmOptBtnTbl;SY_FrmCtrTbl;SY_StTbl;SY_FrmLstTbl;SY_FormatFields;WA_API","API_DongBoTruongGiaoDien","WA_NguoiDungNhomFrm","CRITICAL","DESTRUCTIVE_LEGACY","Cấm chạy trong Phase 1; giữ để tham chiếu và thay bằng script idempotent không cleanup."
"sql/Insert/Register_WA_PeopleListFrm.sql","Register_WA_PeopleListFrm","DELETE;INSERT;EXEC;UPDATE","SY_FrmLstTbl;WA_API","SY_FrmLstTbl;WA_API;SY_FormatFields","SY_FrmLstTbl;WA_API","API_DongBoTruongGiaoDien;API_DongBoQuyenTruyCap","WA_PeopleListFrm","CRITICAL","DESTRUCTIVE_LEGACY","Cấm chạy trong Phase 1; giữ để tham chiếu và thay bằng script idempotent không cleanup."
"sql/Insert/Register_WA_PositionListFrm.sql","Register_WA_PositionListFrm","DELETE;INSERT;EXEC;UPDATE","SY_FrmLstTbl;WA_API","SY_FrmLstTbl;WA_API;SY_FormatFields","SY_FrmLstTbl;WA_API","API_DongBoTruongGiaoDien;API_DongBoQuyenTruyCap","WA_PositionListFrm","CRITICAL","DESTRUCTIVE_LEGACY","Cấm chạy trong Phase 1; giữ để tham chiếu và thay bằng script idempotent không cleanup."
"sql/Insert/Register_WA_ProvinceListFrm.sql","Register_WA_ProvinceListFrm","DELETE;INSERT;EXEC;UPDATE","SY_FrmLstTbl;WA_API","SY_FrmLstTbl;WA_API;SY_FormatFields","SY_FrmLstTbl;WA_API","API_DongBoTruongGiaoDien;API_DongBoQuyenTruyCap","WA_ProvinceListFrm","CRITICAL","DESTRUCTIVE_LEGACY","Cấm chạy trong Phase 1; giữ để tham chiếu và thay bằng script idempotent không cleanup."
"sql/Insert/Register_WA_ReligionListFrm.sql","Register_WA_ReligionListFrm","DELETE;INSERT;EXEC;UPDATE","SY_FrmLstTbl;WA_API","SY_FrmLstTbl;WA_API;SY_FormatFields","SY_FrmLstTbl;WA_API","API_DongBoTruongGiaoDien;API_DongBoQuyenTruyCap","WA_ReligionListFrm","CRITICAL","DESTRUCTIVE_LEGACY","Cấm chạy trong Phase 1; giữ để tham chiếu và thay bằng script idempotent không cleanup."
"sql/Insert/Register_WA_ShiftListFrm.sql","Register_WA_ShiftListFrm","DELETE;INSERT;EXEC;UPDATE","SY_FrmLstTbl;WA_API","SY_FrmLstTbl;WA_API;SY_FormatFields","SY_FrmLstTbl;WA_API","API_DongBoTruongGiaoDien;API_DongBoQuyenTruyCap","WA_ShiftListFrm","CRITICAL","DESTRUCTIVE_LEGACY","Cấm chạy trong Phase 1; giữ để tham chiếu và thay bằng script idempotent không cleanup."
"sql/Insert/Register_WA_TitleListFrm.sql","Register_WA_TitleListFrm","DELETE;INSERT;EXEC;UPDATE","SY_FrmLstTbl;WA_API","SY_FrmLstTbl;WA_API;SY_FormatFields","SY_FrmLstTbl;WA_API","API_DongBoTruongGiaoDien;API_DongBoQuyenTruyCap","WA_TitleListFrm","CRITICAL","DESTRUCTIVE_LEGACY","Cấm chạy trong Phase 1; giữ để tham chiếu và thay bằng script idempotent không cleanup."
"sql/Insert/Register_WA_WorkingGroupListFrm.sql","Register_WA_WorkingGroupListFrm","DELETE;INSERT;EXEC;UPDATE","SY_FrmLstTbl;WA_API","SY_FrmLstTbl;WA_API;SY_FormatFields","SY_FrmLstTbl;WA_API","API_DongBoTruongGiaoDien;API_DongBoQuyenTruyCap","WA_WorkingGroupListFrm","CRITICAL","DESTRUCTIVE_LEGACY","Cấm chạy trong Phase 1; giữ để tham chiếu và thay bằng script idempotent không cleanup."
"sql/Phase2ApiMigration/00_CAPTURE_VIEW_CONTRACT.sql","00_CAPTURE_VIEW_CONTRACT","SELECT;INSERT","SY_FrmLstTbl;WA_API;ProcedureNames;sys;HR_BangThueTNCNTbl;WA_Menu","","","","WA_BangThueTNCNFrm","LOW","SAFE_READONLY","Giữ trong Phase 1; chạy theo đúng thứ tự triển khai/kiểm tra."
"sql/Phase2ApiMigration/01_CREATE_VIEW_V2_PILOT.sql","API_BangThueTNCN_V2","EXEC;CREATE;ALTER;SELECT","SY_User;STRING_SPLIT;WA_Menu;WA_UserGroupPermisstion;WA_UserPermisstion;SY_FrmLstTbl;sys;OPENJSON;HR_BangThueTNCNTbl","","","","WA_BangThueTNCNFrm","LOW","SAFE_READONLY","Giữ trong Phase 1; chạy theo đúng thứ tự triển khai/kiểm tra."
"sql/Phase2ApiMigration/02_CREATE_SAVE_V2.sql","API_LuuDong_V2","EXEC;CREATE;ALTER;SELECT;INSERT;UPDATE","OPENJSON;SY_FrmLstTbl;sys;SY_User;WA_Menu;STRING_SPLIT;WA_UserGroupPermisstion;WA_UserPermisstion;dbo","dbo;T","","sys","WA_BangThueTNCNFrm","HIGH","INSTALLER_LEGACY","Không chạy trong Phase 1; rà soát riêng trước mọi đợt cài đặt sau."
"sql/Phase2ApiMigration/03_CREATE_DELETE_V2.sql","API_XoaDong_V2","DELETE;EXEC;CREATE;ALTER;SELECT;INSERT;UPDATE","OPENJSON;SY_FrmLstTbl;sys;SY_User;WA_Menu;STRING_SPLIT;WA_UserGroupPermisstion;WA_UserPermisstion;dbo","T","","sys","WA_BangThueTNCNFrm","HIGH","INSTALLER_LEGACY","Không chạy trong Phase 1; rà soát riêng trước mọi đợt cài đặt sau."
"sql/Phase2ApiMigration/04_REGISTER_PILOT_V2.sql","04_REGISTER_PILOT_V2","SELECT;DELETE;UPDATE","WA_API","WA_API","","","WA_BangThueTNCNFrm","HIGH","INSTALLER_LEGACY","Không chạy trong Phase 1; rà soát riêng trước mọi đợt cài đặt sau."
"sql/Phase2ApiMigration/05_VERIFY_PILOT_V2.sql","05_VERIFY_PILOT_V2","DELETE;SELECT;INSERT","sys;SY_FrmLstTbl;WA_API;HR_BangThueTNCNTbl","","","","WA_BangThueTNCNFrm","LOW","VERIFY","Chỉ chạy đọc/kiểm thử ở môi trường phù hợp; không dùng để cài metadata."
"sql/Phase2ApiMigration/06_ROLLBACK_PILOT_REGISTRATION.sql","06_ROLLBACK_PILOT_REGISTRATION","SELECT;DELETE;UPDATE","WA_API","WA_API","","","WA_BangThueTNCNFrm","HIGH","ROLLBACK","Giữ làm phương án phục hồi; không chạy trong Phase 1."
"sql/Phase2RuntimeTests/01_VIEW_PARITY_READONLY.sql","01_VIEW_PARITY_READONLY","INSERT;UPDATE;DELETE;SELECT;CREATE;TRUNCATE;EXEC","SY_User;STRING_SPLIT;sys;SY_FormatFields;HR_BangThueTNCNTbl;WA_API","","#Legacy;#V2","API_TruyVanDong;sys;API_BangThueTNCN_V2","WA_BangThueTNCNFrm","CRITICAL","DESTRUCTIVE_LEGACY","Cấm chạy trong Phase 1; giữ để tham chiếu và thay bằng script idempotent không cleanup."
"sql/Phase2RuntimeTests/02_GATEWAY_METADATA_SMOKE_READONLY.sql","02_GATEWAY_METADATA_SMOKE_READONLY","EXECUTE;EXEC;SELECT","WA_API","","","tr;kh;API_Gateway_Router","","LOW","SAFE_READONLY","Giữ trong Phase 1; chạy theo đúng thứ tự triển khai/kiểm tra."
"sql/Query/Query_frmCustomer.sql","Query_frmCustomer","SELECT","SY_FormatFields;dmkhachhang","","","","","LOW","VERIFY","Chỉ chạy đọc/kiểm thử ở môi trường phù hợp; không dùng để cài metadata."
"sql/Query/Test_API_Gateway_Router.sql","Test_API_Gateway_Router","EXEC;DELETE","","","","API_Gateway_Router","","LOW","VERIFY","Chỉ chạy đọc/kiểm thử ở môi trường phù hợp; không dùng để cài metadata."
"sql/Query/Test_API_TruyVanDong.sql","Test_API_TruyVanDong","EXEC","","","","API_TruyVanDong","","LOW","VERIFY","Chỉ chạy đọc/kiểm thử ở môi trường phù hợp; không dùng để cài metadata."
"sql/Restore/Restore_frmCustomer_Caption.sql","Restore_frmCustomer_Caption","UPDATE","","SY_FormatFields","","","","HIGH","ROLLBACK","Giữ làm phương án phục hồi; không chạy trong Phase 1."
"sql/Triggers/TRG_AutoSync_WA_API.sql","TRG_AutoSync_WA_API","CREATE;ALTER;SELECT;EXECUTE;DELETE;INSERT;UPDATE","sys;WA_API","WA_API","","route","","HIGH","RUNTIME","Giữ nguyên runtime hiện tại; không sửa trong Phase 1."
"sql/Update/Fix_BangPhuCap_MoTa_NotRequired.sql","Fix_BangPhuCap_MoTa_NotRequired","UPDATE","","SY_FormatFields","","","WA_BangPhuCapFrm","HIGH","INSTALLER_LEGACY","Không chạy trong Phase 1; rà soát riêng trước mọi đợt cài đặt sau."
"sql/Update/Register_Dashboard_APIs.sql","Register_Dashboard_APIs","SELECT;INSERT","WA_API","WA_API","","","","HIGH","REGISTER_ONLY","Không chạy script đăng ký cũ; chỉ dùng 04_DANG_KY_API_READONLY.sql cho contract V2."
"sql/Update/Update_HR_HopDongAddfile_MapTemplates.sql","HR_HopDongAddfile;API_HR_GetForm;HR_Documents","SELECT;CREATE;TRUNCATE;INSERT;DROP;DELETE","sys;HR_HopDongAddfile;SY_FrmLstTbl;WA_API","HR_HopDongAddfile;SY_FrmLstTbl;WA_API","HR_HopDongAddfile;SY_FrmLstTbl;WA_API","","WA_HopDongLaoDongFrm","CRITICAL","DESTRUCTIVE_LEGACY","Cấm chạy trong Phase 1; giữ để tham chiếu và thay bằng script idempotent không cleanup."
"sql/Update/Update_SY_FormatFields_Reports.sql","Update_SY_FormatFields_Reports","UPDATE;INSERT","SY_FormatFields","SY_FormatFields;cho;F","","","","HIGH","INSTALLER_LEGACY","Không chạy trong Phase 1; rà soát riêng trước mọi đợt cài đặt sau."
"sql/Update/Update_TRG_HR_HopDong_SyncToPerson.sql","TRG_HR_HopDong_SyncToPerson","CREATE;ALTER;INSERT;UPDATE;SELECT","INSERTED;HR_PersonTbl","AS;c;P","","","","HIGH","INSTALLER_LEGACY","Không chạy trong Phase 1; rà soát riêng trước mọi đợt cài đặt sau."
"sql/Update/Update_TriggerAll.sql","Update_TriggerAll","DELETE;INSERT;EXEC;UPDATE","SY_FrmLstTbl;WA_API","SY_FrmLstTbl;WA_API;SY_FormatFields","SY_FrmLstTbl;WA_API","API_DongBoTruongGiaoDien","WA_ShiftListFrm","CRITICAL","DESTRUCTIVE_LEGACY","Cấm chạy trong Phase 1; giữ để tham chiếu và thay bằng script idempotent không cleanup."
"sql/Update/Update_WA_API_frmThayDoiBoSung.sql","Update_WA_API_frmThayDoiBoSung","UPDATE;DELETE","","WA_API","","","","HIGH","INSTALLER_LEGACY","Không chạy trong Phase 1; rà soát riêng trước mọi đợt cài đặt sau."
"sql/Update/Update_frmFormBuilder.sql","Update_frmFormBuilder","SELECT;INSERT;UPDATE;DELETE","SY_FormatFields","SY_FormatFields","SY_FormatFields","","","CRITICAL","DESTRUCTIVE_LEGACY","Cấm chạy trong Phase 1; giữ để tham chiếu và thay bằng script idempotent không cleanup."
"sql/Update/Upgrade_ShowInFilter.sql","SY_FormatFields","ALTER;EXECUTE","","","","","","LOW","INSTALLER_LEGACY","Không chạy trong Phase 1; rà soát riêng trước mọi đợt cài đặt sau."
"sql/View/v_DanhSachHopDong.sql","v_DanhSachHopDong","ALTER;SELECT;UPDATE;EXEC","tbmk_Hopdongsanhtiec;dmSanhtiec;tbmk_Hopdong;dmkhachhang","SY_FrmLstTbl;SY_FormatFields","","API_DongBoTruongGiaoDien","","HIGH","RUNTIME","Giữ nguyên cho Add/Edit/Filter legacy; Grid V2 không dùng làm nguồn chính."
"sql/View/v_DanhSachKhachHang.sql","v_DanhSachKhachHang","CREATE;ALTER;SELECT;UPDATE;EXEC","tbmk_Khachthamquan;tbmk_Hopdong;dmkhachhang","SY_FrmLstTbl","","API_DongBoTruongGiaoDien","","HIGH","RUNTIME","Giữ nguyên runtime hiện tại; không sửa trong Phase 1."
"sql/View/v_DanhSachKhachThamQuan.sql","v_DanhSachKhachThamQuan","CREATE;ALTER;SELECT","tbmk_Khachthamquansanhtiec;dmSanhtiec;tbmk_Khachthamquan;dmkhachhang;dmLoaihinhtiec;dmGoiThucDon","","","","","LOW","RUNTIME","Giữ nguyên runtime hiện tại; không sửa trong Phase 1."
"sql/View/v_DanhSachPhieuCoc.sql","v_DanhSachPhieuCoc","CREATE;ALTER;SELECT;UPDATE","tbmk_Biennhancocchosanhtiec;dmSanhtiec;tbmk_Biennhancoccho;dmkhachhang","SY_FrmLstTbl","","","","HIGH","RUNTIME","Giữ nguyên runtime hiện tại; không sửa trong Phase 1."
"sql/tables/dmHanghoadinhluong.sql","dmHanghoadinhluong","CREATE","","","","","","LOW","RUNTIME","Giữ nguyên runtime hiện tại; không sửa trong Phase 1."
"sql/tables/dmKho.sql","dmKho","CREATE","","","","","","LOW","RUNTIME","Giữ nguyên runtime hiện tại; không sửa trong Phase 1."
"sql/tables/tbNhaphang.sql","tbNhaphang","CREATE","","","","","","LOW","RUNTIME","Giữ nguyên runtime hiện tại; không sửa trong Phase 1."
"sql/tables/tbXuatnvl.sql","tbXuatnvl","CREATE","","","","","","LOW","RUNTIME","Giữ nguyên runtime hiện tại; không sửa trong Phase 1."
