File,Procedure,WAApiList,WAApiFunc,MainTable,PrimaryAlias,JoinTables,JoinType,JoinCondition,JoinCardinality,CurrentColumns,HasSelectStar,HasAggregate,HasUnion,HasBlob,HasSensitiveData,BranchFilter,PermissionFilter,FrontendConsumers,Category,Decision,Risk
sql/API/API_ComboFormatID.sql,API_ComboFormatID,,,#TempFormat,WHERE,,,,NONE,"* INTO #TempFormat FROM ( VALUES ('t', N'Văn bản (Text)'), ('n', N'Số (Number)'), ('dt', N'Ngày (Date)'), ('sw', N'Bật/Tắt (Switch)'), ('sl', N'Danh sách chọn (Select)') ) AS FormatList(MaDinhDang, TenDinhDang) SELECT MaDinhDang, TenDinhDang",YES,NO,NO,YES,NO,NOT_FOUND_STATIC,NOT_FOUND_STATIC,,ATTACHMENT,BLOCKED,CRITICAL
sql/API/API_ComboFormPosition.sql,API_ComboFormPosition,,,#TempPos,WHERE,,,,NONE,"* INTO #TempPos FROM ( VALUES ('12', N'Đầy đủ 100% (Full)'), ('6', N'Một nửa 50% (Half)'), ('4', N'1/3 Chiều rộng'), ('3', N'1/4 Chiều rộng') ) AS PosList(MaViTri, TenViTri) SELECT MaViTri, TenViTri",YES,NO,NO,NO,NO,NOT_FOUND_STATIC,NOT_FOUND_STATIC,,LOOKUP,EXCLUDE_PHASE2,MEDIUM
sql/API/API_ComboPersonStatus.sql,API_ComboPersonStatus,API_ComboPersonStatus,View,HR_PersonStatusTbl,WHERE,,,,NONE,"PersonStatus AS [Mã], PersonStatusName AS [Tên]",NO,NO,NO,NO,NO,NOT_FOUND_STATIC,NOT_FOUND_STATIC,src/js/core/WizardForm.js|src/js/modules/hr/definitions/contract.js|src/js/modules/hr/definitions/employee.js,LOOKUP,EXCLUDE_PHASE2,LOW
sql/API/API_DanhSachTaiKhoan.sql,API_DanhSachTaiKhoan,,,SY_User,WHERE,,,,NONE,"UserName, HoTen, UserGroupID, BranchID, Disable, EmployeeID, Manager",NO,NO,NO,NO,NO,STATIC_REFERENCE_FOUND,NOT_FOUND_STATIC,,UNKNOWN,BLOCKED,CRITICAL
sql/API/API_DanhSachTruongGiaoDien.sql,API_DanhSachTruongGiaoDien,,,SY_FormatFields,ff,SY_FrmLstTbl,LEFT JOIN,ff.FormName = l.FormID,CHUA_XAC_MINH_DB,"ff.AutoID, ff.FormName, ff.FieldName, ff.CaptionVN, ff.FormatID, ff.CaptionEN, ff.DataSource, ff.IsRequired, ff.FormPosition, ff.ValidateRule, ff.DependsOn, ff.VisibleRule, ff.OrderNo, ISNULL(ff.ShowInAdd, 1) AS ShowInAdd, ISNULL(ff.ShowInEdit, 1) AS ShowInEdit, ISNULL(ff.IsReadOnlyEdit, 0) AS IsReadOnlyEdit, ISNULL(ff.IsReadOnlyAdd, 0) AS IsReadOnlyAdd, ISNULL(ff.ShowInFilter, 0) AS ShowInFilter",NO,NO,NO,NO,NO,NOT_FOUND_STATIC,NOT_FOUND_STATIC,src/components/rule-builder/RuleBuilderDialog.js,JOINED_MASTER,REWRITE_SAFE_JOIN,HIGH
sql/API/API_DongBoQuyenTruyCap.sql,API_DongBoQuyenTruyCap,,,SY_UserGroup,,,,,NONE,UserGroupID,NO,NO,NO,NO,NO,NOT_FOUND_STATIC,STATIC_REFERENCE_FOUND,,MULTI_RESULT,EXCLUDE_PHASE2,LOW
sql/API/API_DongBoTruongGiaoDien.sql,API_DongBoTruongGiaoDien,,,sys,,,,,NONE,"name, system_type_name, column_ordinal",YES,NO,NO,NO,NO,NOT_FOUND_STATIC,NOT_FOUND_STATIC,src/js/utils/FormBuilderPlugin.js,MULTI_RESULT,EXCLUDE_PHASE2,MEDIUM
sql/API/API_Gateway_Router.sql,API_Gateway_Router,,,WA_API,WHERE,,,,NONE,"@TargetStore = LTRIM(RTRIM([SQL])), @ParaTemplate = LTRIM(RTRIM(ISNULL(Para, '')))",NO,NO,NO,NO,NO,STATIC_REFERENCE_FOUND,NOT_FOUND_STATIC,src/js/core/AppConfig.js|src/js/core/WizardForm.js|src/js/utils/FormBuilderPlugin.js|src/pages/dashboard/dashboard.js,MULTI_RESULT,EXCLUDE_PHASE2,LOW
sql/API/API_LayCacTruongGiaoDien.sql,API_LayCacTruongGiaoDien,,,SY_FormatFields,ff,SY_FrmLstTbl,LEFT JOIN,ff.FormName = l.FormID,CHUA_XAC_MINH_DB,"ff.FieldName AS [name], ff.CaptionVN AS [label], ISNULL(ff.IsRequired, 0) AS [required], ISNULL(ff.FormPosition, 'grid') AS [position], ISNULL(l.PrimaryKey, '') AS [primaryKey], ISNULL(ff.ShowInAdd, 1) AS [showInAdd], ISNULL(ff.ShowInEdit, 1) AS [showInEdit], ISNULL(ff.IsReadOnlyEdit, 0) AS [isReadOnlyEdit], ISNULL(ff.IsReadOnlyAdd, 0) AS [isReadOnlyAdd], ISNULL(ff.FormatID, '') AS [renderRule], ISNULL(ff.DataSource, '') AS [dataSource], ISNULL(ff.OrderNo, 0) AS [orderNo], ISNULL(ff.ValidateRule, '') AS [validateRule], ISNULL(ff.DependsOn, '') AS [dependsOn], ISNULL(ff.VisibleRule, '') AS [...",NO,NO,NO,NO,NO,NOT_FOUND_STATIC,NOT_FOUND_STATIC,src/components/report-filter/ReportFilterDialog.js|src/js/core/DynamicFormEngine.js,JOINED_MASTER,REWRITE_SAFE_JOIN,HIGH
sql/API/API_LayChuThichLich.sql,API_LayChuThichLich,,,tbmk_Biennhancoccho,WHERE,,,,NONE,@CocCount = COUNT(*),NO,YES,YES,NO,NO,NOT_FOUND_STATIC,NOT_FOUND_STATIC,,MULTI_RESULT,EXCLUDE_PHASE2,HIGH
sql/API/API_LayDanhSachMenuTatCa.sql,API_LayDanhSachMenuTatCa,,,WA_Menu,ORDER,,,,NONE,"MenuID AS [id], COALESCE(Parent, '') AS [parent], COALESCE(VN, '') AS [label], COALESCE(SubTitle, '') AS [subTitle], COALESCE(EN, '') AS [en], COALESCE(FormName, '') AS [formName], COALESCE(FormKey, '') AS [formKey], COALESCE(URLPara, '') AS [urlPara], COALESCE(IconClass, '') AS [icon], COALESCE(isDisable, 0) AS [isDisable]",NO,NO,NO,NO,NO,NOT_FOUND_STATIC,NOT_FOUND_STATIC,,UNKNOWN,BLOCKED,CRITICAL
sql/API/API_LayDanhSachNhom.sql,API_LayDanhSachNhom,,,SY_UserGroup,WHERE,,,,NONE,"[UserGroupID] AS [id], [UserGroupName] AS [name]",NO,NO,NO,NO,NO,NOT_FOUND_STATIC,NOT_FOUND_STATIC,,UNKNOWN,BLOCKED,CRITICAL
sql/API/API_LayGiaTriSetup.sql,API_LayGiaTriSetup,,,SY_Setup,WHERE,,,,NONE,"[CodeID], [CodeValue]",NO,NO,NO,NO,NO,NOT_FOUND_STATIC,NOT_FOUND_STATIC,,UNKNOWN,BLOCKED,CRITICAL
sql/API/API_LayMenuTheoNhomQuyen.sql,API_LayMenuTheoNhomQuyen,,,WA_Menu,M,WA_UserGroupPermisstion,INNER JOIN,M.MenuID = P.MenuID | M_Child.MenuID = P_Child.MenuID,CHUA_XAC_MINH_DB,"M.MenuID AS [id], M.Parent AS [parent], M.VN AS [label], M.SubTitle AS [subTitle], M.IconClass AS [icon], M.FormName AS [formName], M.URLPara AS [URLPara], M.FormKey AS [formKey], P.IsRun, P.IsAdd, P.IsUpdate, P.IsDelete, P.isManager, P.isAdmin, P.isAutoLock, P.isHideAmount, P.isLockDoc, P.isUnLockDoc, P.isExportExcel",NO,NO,YES,NO,NO,NOT_FOUND_STATIC,STATIC_REFERENCE_FOUND,,MULTI_RESULT,EXCLUDE_PHASE2,HIGH
sql/API/API_LayPhienBanQuyen.sql,API_LayPhienBanQuyen,,,SY_Setup,WHERE,,,,NONE,@Ver = CodeValue,NO,NO,NO,NO,NO,NOT_FOUND_STATIC,NOT_FOUND_STATIC,,UNKNOWN,BLOCKED,CRITICAL
sql/API/API_LayQuyenCuaToi.sql,API_LayQuyenCuaToi,,,SY_User,WHERE,WA_Menu,INNER JOIN,P.MenuID = M.MenuID,CHUA_XAC_MINH_DB,@UserGroupID = UserGroupID,NO,NO,NO,NO,NO,NOT_FOUND_STATIC,STATIC_REFERENCE_FOUND,,JOINED_MASTER,REWRITE_SAFE_JOIN,HIGH
sql/API/API_LayQuyenNhomDayDu.sql,API_LayQuyenNhomDayDu,,,WA_Menu,M,WA_UserGroupPermisstion,INNER JOIN,M.MenuID = P.MenuID AND P.UserGroupID = @UserGroupID,CHUA_XAC_MINH_DB,"M.MenuID AS [id], M.Parent AS [parent], M.VN AS [label], M.IconClass AS [icon], M.FormName AS [formName], M.URLPara AS [urlPara], ISNULL(P.IsRun, 0) AS IsRun, ISNULL(P.IsAdd, 0) AS IsAdd, ISNULL(P.IsUpdate, 0) AS IsUpdate, ISNULL(P.IsDelete, 0) AS IsDelete, ISNULL(P.isManager, 0) AS isManager, ISNULL(P.isAdmin, 0) AS isAdmin, ISNULL(P.isAutoLock, 0) AS isAutoLock, ISNULL(P.isHideAmount, 0) AS isHideAmount, ISNULL(P.isLockDoc, 0) AS isLockDoc, ISNULL(P.isUnLockDoc, 0) AS isUnLockDoc, ISNULL(P.isExportExcel,0) AS isExportExcel",NO,NO,YES,NO,NO,NOT_FOUND_STATIC,STATIC_REFERENCE_FOUND,,MULTI_RESULT,EXCLUDE_PHASE2,HIGH
sql/API/API_LuuCauHinhForm.sql,API_LuuCauHinhForm,,,SY_FrmLstTbl,WHERE,,,,NONE,1,NO,NO,NO,NO,NO,NOT_FOUND_STATIC,NOT_FOUND_STATIC,,BUSINESS_ACTION,EXCLUDE_PHASE2,LOW
sql/API/API_LuuDong.sql,API_LuuDong,WA_PersonFullFrm|API_PersonFull_T1_Salary|API_PersonFull_T2_Allowance|API_PersonFull_T3_KTKL|API_PersonFull_T4_NghiPhep|API_PersonFull_T5_Relation|API_PersonFull_T6_HopDong|API_PersonFull_T7_CongTac|API_PersonFull_T8_Log|API_PersonFull_T9_GiayTo|WA_BaoHiemFrm|API_BaoHiem_Detail|WA_HopDongLaoDongFrm|API_HopDongLaoDong_ChiTiet|API_HopDongLaoDong_Attach|WA_KinhPhiCongDoanFrm|WA_LuongKhoanFrm|WA_ShiftListFrm|SY_Period|CF_BranchListFrm|WA_BankListFrm|WA_NationListFrm|WA_ProvinceListFrm|WA_PeopleListFrm|WA_ReligionListFrm|WA_EducationListFrm|WA_BangCapListFrm|WA_CareerlListFrm|WA_HinhThucNghiListFrm|WA_BangThueTNCNFrm|WA_BangThamSoFrm|WA_BangPhuCapFrm|API_BangPhuCap_Detail|WA_DepartmentListFrm|WA_HospitalListFrm|WA_JobListFrm|WA_PositionListFrm|WA_TitleListFrm|WA_WorkingGroupListFrm|API_CaLamViec_NhanVien|WA_CaLamViecFrm|WA_ChucDanhFrm|WA_DanhSachUngVienFrm|WA_NguoiDungFrm|WA_NguoiDungNhomFrm|HR_Documents,Save|Save|Save|Save|Save|Save|Save|Save|Save|Save|Save|Save|Save|Save|Save|Save|Save|Save|Save|Save|Save|Save|Save|Save|Save|Save|Save|Save|Save|Save|Save|Save|Save|Save|Save|Save|Save|Save|Save|Save|Save|Save|Save|Save|Save|Save,sys,,,,,NONE,1,NO,NO,NO,YES,NO,NOT_FOUND_STATIC,STATIC_REFERENCE_FOUND,src/js/config/Phase2MigrationRegistry.js,ATTACHMENT,BLOCKED,CRITICAL
sql/API/API_LuuHopDong.sql,API_LuuHopDong,,,tbmk_Hopdong,h,tbmk_Hopdongsanhtiec|tbmk_Biennhancocchosanhtiec,INNER JOIN,h.Sohopdong = hs.Sohopdong | b.DocumentID = bs.DocumentID,CHUA_XAC_MINH_DB,1,NO,NO,YES,NO,YES,NOT_FOUND_STATIC,NOT_FOUND_STATIC,,BUSINESS_ACTION,EXCLUDE_PHASE2,HIGH
sql/API/API_LuuKhachDen.sql,API_LuuKhachDen,,,dmkhachhang,WHERE,,,,NONE,1,NO,NO,NO,NO,YES,NOT_FOUND_STATIC,NOT_FOUND_STATIC,,BUSINESS_ACTION,EXCLUDE_PHASE2,HIGH
sql/API/API_LuuKhachHang.sql,API_LuuKhachHang,,,dmkhachhang,WHERE,,,,NONE,1,NO,NO,NO,NO,YES,NOT_FOUND_STATIC,NOT_FOUND_STATIC,,BUSINESS_ACTION,EXCLUDE_PHASE2,HIGH
sql/API/API_LuuMenu.sql,API_LuuMenu,,,WA_Menu,WHERE,,,,NONE,1,NO,NO,NO,NO,NO,NOT_FOUND_STATIC,STATIC_REFERENCE_FOUND,,BUSINESS_ACTION,EXCLUDE_PHASE2,LOW
sql/API/API_LuuPhieuCoc.sql,API_LuuPhieuCoc,,,dmkhachhang,WHERE,,,,NONE,TOP 1 @Makh = Makh,NO,NO,NO,NO,YES,NOT_FOUND_STATIC,NOT_FOUND_STATIC,,BUSINESS_ACTION,EXCLUDE_PHASE2,HIGH
sql/API/API_LuuQuyenCuaNhom.sql,API_LuuQuyenCuaNhom,,,SY_Setup,WHERE,,,,NONE,1,NO,NO,NO,NO,NO,NOT_FOUND_STATIC,STATIC_REFERENCE_FOUND,,BUSINESS_ACTION,EXCLUDE_PHASE2,LOW
sql/API/API_LuuQuyenToan.sql,API_LuuQuyenToan,,,tbmk_Phieuthu,WHERE,,,,NONE,*,YES,NO,NO,NO,NO,NOT_FOUND_STATIC,NOT_FOUND_STATIC,,BUSINESS_ACTION,EXCLUDE_PHASE2,MEDIUM
sql/API/API_LuuTaiKhoan.sql,API_LuuTaiKhoan,,,SY_User,WHERE,,,,NONE,1,NO,NO,NO,NO,YES,NOT_FOUND_STATIC,NOT_FOUND_STATIC,,BUSINESS_ACTION,EXCLUDE_PHASE2,HIGH
sql/API/API_LuuThuTuMenu.sql,API_LuuThuTuMenu,,,@xml,,@Tbl|@TblExisting,JOIN,M.MenuID = T.OldID | P.MenuID = T.OldID | U.MenuID = T.OldID | M.Parent = T.OldID | M.MenuID = 'TMP_' + T.OldID | T.Idx = E.Idx | P.MenuID = 'TMP_' + T.OldID | T.Idx = E.Idx | U.MenuID = 'TMP_' + T.OldID | T.Idx = E.Idx | M.Parent = 'TMP_' + T.OldID | T.Idx = E.Idx,CHUA_XAC_MINH_DB,"n.value('.', 'NVARCHAR(50)') AS ID",NO,NO,NO,YES,NO,NOT_FOUND_STATIC,STATIC_REFERENCE_FOUND,,ATTACHMENT,BLOCKED,CRITICAL
sql/API/API_LuuTruongGiaoDien.sql,API_LuuTruongGiaoDien,,,SY_FormatFields,WHERE,,,,NONE,1,NO,NO,NO,NO,NO,NOT_FOUND_STATIC,NOT_FOUND_STATIC,,BUSINESS_ACTION,EXCLUDE_PHASE2,LOW
sql/API/API_tbmk_Thaydoi_View.sql,API_tbmk_Thaydoi_View,,,tbmk_Thaydoi,WHERE,,,,NONE,*,YES,NO,NO,NO,NO,NOT_FOUND_STATIC,NOT_FOUND_STATIC,,SIMPLE_SINGLE_TABLE,CONVERT_MASTER_STAR,MEDIUM
sql/API/API_TruyVanDong.sql,API_TruyVanDong,frmKho|frmHanghoa|frmHanghoadinhluong|frmNhapKho|frmXuatKho|WA_TimeSheetTH2Report|WA_ShiftListFrm|SY_Period|CF_BranchListFrm|WA_BankListFrm|WA_NationListFrm|WA_ProvinceListFrm|WA_PeopleListFrm|WA_ReligionListFrm|WA_EducationListFrm|WA_BangCapListFrm|WA_CareerlListFrm|WA_HinhThucNghiListFrm|WA_BangThueTNCNFrm|WA_BangThamSoFrm|WA_DepartmentListFrm|WA_HospitalListFrm|WA_JobListFrm|WA_PositionListFrm|WA_TitleListFrm|WA_WorkingGroupListFrm|API_PersonAttach|API_CandidateAttach|HR_HopDongAddfile,View|View|View|View|View|View|View|View|View|View|View|View|View|View|View|View|View|View|View|View|View|View|View|View|View|View|View|View|View,SY_FrmLstTbl,WHERE,,,,NONE,"@TableName = LTRIM(RTRIM(TableName)), @PrimaryKey = LTRIM(RTRIM(PrimaryKey))",NO,NO,NO,YES,NO,NOT_FOUND_STATIC,NOT_FOUND_STATIC,src/js/config/Phase2MigrationRegistry.js,ATTACHMENT,BLOCKED,CRITICAL
sql/API/API_XoaDong.sql,API_XoaDong,WA_PersonFullFrm|API_PersonFull_T1_Salary|API_PersonFull_T2_Allowance|API_PersonFull_T3_KTKL|API_PersonFull_T4_NghiPhep|API_PersonFull_T5_Relation|API_PersonFull_T6_HopDong|API_PersonFull_T7_CongTac|API_PersonFull_T8_Log|API_PersonFull_T9_GiayTo|WA_BaoHiemFrm|API_BaoHiem_Detail|WA_HopDongLaoDongFrm|API_HopDongLaoDong_ChiTiet|API_HopDongLaoDong_Attach|WA_KinhPhiCongDoanFrm|WA_LuongKhoanFrm|WA_ShiftListFrm|SY_Period|CF_BranchListFrm|WA_BankListFrm|WA_NationListFrm|WA_ProvinceListFrm|WA_PeopleListFrm|WA_ReligionListFrm|WA_EducationListFrm|WA_BangCapListFrm|WA_CareerlListFrm|WA_HinhThucNghiListFrm|WA_BangThueTNCNFrm|WA_BangThamSoFrm|WA_BangPhuCapFrm|API_BangPhuCap_Detail|WA_DepartmentListFrm|WA_HospitalListFrm|WA_JobListFrm|WA_PositionListFrm|WA_TitleListFrm|WA_WorkingGroupListFrm|API_CaLamViec_NhanVien|WA_CaLamViecFrm|WA_ChucDanhFrm|WA_DanhSachUngVienFrm|WA_NguoiDungFrm|WA_NguoiDungNhomFrm|HR_Documents,Delete|Delete|Delete|Delete|Delete|Delete|Delete|Delete|Delete|Delete|Delete|Delete|Delete|Delete|Delete|Delete|Delete|Delete|Delete|Delete|Delete|Delete|Delete|Delete|Delete|Delete|Delete|Delete|Delete|Delete|Delete|Delete|Delete|Delete|Delete|Delete|Delete|Delete|Delete|Delete|Delete|Delete|Delete|Delete|Delete|Delete,sys,,,,,NONE,1,NO,NO,NO,NO,NO,NOT_FOUND_STATIC,STATIC_REFERENCE_FOUND,src/js/config/Phase2MigrationRegistry.js,BUSINESS_ACTION,EXCLUDE_PHASE2,LOW
sql/API/API_XoaKhachDen.sql,API_XoaKhachDen,,,string_split,,,,,NONE,value,NO,NO,NO,NO,NO,NOT_FOUND_STATIC,NOT_FOUND_STATIC,,BUSINESS_ACTION,EXCLUDE_PHASE2,LOW
sql/API/API_XoaMenu.sql,API_XoaMenu,,,WA_Menu,WHERE,,,,NONE,MenuID,NO,NO,NO,NO,NO,NOT_FOUND_STATIC,STATIC_REFERENCE_FOUND,,BUSINESS_ACTION,EXCLUDE_PHASE2,LOW
sql/API/API_XoaTruongGiaoDien.sql,API_XoaTruongGiaoDien,,,SY_FormatFields,WHERE,,,,NONE,"1 AS code, N'Thiếu ID cần xóa' AS message; RETURN; END IF EXISTS ( SELECT 1",NO,NO,NO,NO,NO,NOT_FOUND_STATIC,NOT_FOUND_STATIC,,BUSINESS_ACTION,EXCLUDE_PHASE2,LOW
sql/API/APINEW/API_BangChamCongTongHop.sql,API_BangChamCongTongHop,WA_TimeSheetFrm,View,HR_TimeSheetTbl,t,HR_PersonTbl,LEFT JOIN,t.PersonID = p.PersonID,CHUA_XAC_MINH_DB,"t.PeriodID, t.PersonID, p.PersonName, p.PhongBan, t.DocumentDate, t.SoNgayThang, t.SoNgayDiLam, t.SoNgayLe, t.TangCa, t.SoNgayCongTac, t.CongPhep, t.NghiPhep, t.NghiKhongPhep, t.GhiChu",NO,NO,NO,NO,NO,NOT_FOUND_STATIC,NOT_FOUND_STATIC,,JOINED_MASTER,REWRITE_SAFE_JOIN,HIGH
sql/API/APINEW/API_BangPhuCap_Detail.sql,API_BangPhuCap_Detail,API_BangPhuCap_Detail,View,HR_PersonAllowanceTbl,A,HR_PersonTbl,LEFT JOIN,A.PersonID = P.PersonID,CHUA_XAC_MINH_DB,"A.UserAutoID, A.MaPhuCap, A.PersonID, P.PersonName, P.PhongBan, P.TitleName, A.GhiChu, A.NoiDungPhuCap",NO,NO,NO,NO,NO,NOT_FOUND_STATIC,NOT_FOUND_STATIC,src/js/modules/hr/definitions/payroll.js,JOINED_MASTER,REWRITE_SAFE_JOIN,HIGH
sql/API/APINEW/API_BangPhuCap.sql,API_BangPhuCap,WA_BangPhuCapFrm,View,HR_BangPhuCapTbl,WHERE,,,,NONE,"MaPhuCap, TenPhuCap, NhomPhuCap, TienPhuCapNgay, TienPhuCapThang, GhiChu, DVT, UserCreate, UserUpdate, DateUpdate, DateCreate",NO,NO,NO,NO,NO,NOT_FOUND_STATIC,NOT_FOUND_STATIC,src/js/modules/hr/definitions/payroll.js,SIMPLE_SINGLE_TABLE,CONVERT_MASTER_STAR,LOW
sql/API/APINEW/API_BangThamSo.sql,API_BangThamSo,WA_BangThamSoFrm,View,HR_BangThamSoTbl,WHERE,,,,NONE,"PeriodID AS [PeriodID], LoaiBaoHiem AS [LoaiBaoHiem], CONCAT(PeriodID, '_', LoaiBaoHiem) AS [KeyID], UserAutoID AS [UserAutoID], BHXHNLD AS [BHXHNLD], BHXHCTY AS [BHXHCTY], BHYTNLD AS [BHYTNLD], BHYTCTY AS [BHYTCTY], BHTNNLD AS [BHTNNLD], BHTNCTY AS [BHTNCTY]",NO,NO,NO,NO,NO,NOT_FOUND_STATIC,NOT_FOUND_STATIC,,SIMPLE_SINGLE_TABLE,CONVERT_MASTER_STAR,LOW
sql/API/APINEW/API_BangThueTNCN.sql,API_BangThueTNCN,WA_BangThueTNCNFrm,View,HR_BangThueTNCNTbl,ORDER,,,,NONE,"Bac, Tu, Den, ThueSuat",NO,NO,NO,NO,NO,NOT_FOUND_STATIC,NOT_FOUND_STATIC,src/js/config/Phase2MigrationRegistry.js,SIMPLE_SINGLE_TABLE,CONVERT_MASTER_STAR,LOW
sql/API/APINEW/API_BaoCaoChamCong.sql,API_BaoCaoChamCong,,,HR_TimeSheetTbl,t,HR_PersonTbl,LEFT JOIN,t.PersonID = p.PersonID,CHUA_XAC_MINH_DB,"t.PeriodID, t.PersonID, p.PersonName, p.PhongBan, t.DocumentDate, t.SoNgayThang, t.SoNgayDiLam, t.SoNgayLe, t.TangCa, t.SoNgayCongTac, t.CongPhep, t.NghiPhep, t.NghiKhongPhep, t.GhiChu",NO,NO,NO,NO,NO,NOT_FOUND_STATIC,NOT_FOUND_STATIC,,REPORT,EXCLUDE_PHASE2,HIGH
sql/API/APINEW/API_BaoCaoChamCongChiTiet.sql,API_BaoCaoChamCongChiTiet,WA_TimeSheetCTReport,View,HR_TimeSheetDayTbl,ORDER,HR_PersonTbl,LEFT JOIN,T.PersonID = P.PersonID,CHUA_XAC_MINH_DB,TOP 1 @PeriodID = PeriodID,NO,NO,NO,NO,NO,STATIC_REFERENCE_FOUND,NOT_FOUND_STATIC,,REPORT,EXCLUDE_PHASE2,HIGH
sql/API/APINEW/API_BaoCaoChamCongTongHop.sql,API_BaoCaoChamCongTongHop,WA_TimeSheetReport|WA_TimeSheetTH2Report,View|View,HR_TimeSheetTbl,ORDER,HR_NghiPhepDetailTbl|HR_HolidayTbl|CTE_TongNghi|CTE_CongLe|HR_HinhThucNghiListTbl|HR_TimeSheetDayTbl|NghiPhep|HR_PersonTbl|HR_DepartmentListTbl|HR_PersonNghiPhepTbl|CongLe|LuongKhoan|CongDiLamHopLe|CongNghiCoLuong|CongNghiHieuHy|CongNghiPhepBuLe|CongNghiKhongPhep,INNER JOIN|LEFT JOIN,M.DocumentID = DT.DocumentID | CAST(H.HolidayDate AS DATE) BETWEEN @FromDate AND @ToDate | NP.PersonID = TS.PersonID | CL.PersonID = TS.PersonID | M.DocumentID = DT.DocumentID | HTN.HinhThucNghi = NP.HinhThucNghiThucTe | PE.PersonID = D.PersonID AND CAST(D.Ngay AS DATE) = F.Ngay AND D.PeriodID = @PeriodID | PE.PersonID = NP.PersonID AND NP.Ngay = F.Ngay | CAST(H.HolidayDate AS DATE) = F.Ngay | CAST(H.HolidayDate AS DATE) BETWEEN @FromDate AND @ToDate | TS.PersonID = P.PersonID | P.PhongBan = DP.PhongBan | TS.PersonID = D.PersonID AND CAST(D.Ngay AS DATE) = N.Ngay AND D.PeriodID = TS.PeriodID | TS.PersonID = NP.PersonID AND NP.Ngay = N.Ngay | CAST(H.HolidayDate AS DATE) = N.Ngay | TS.PersonID = NPYear.PersonID AND NPYear.Nam = YEAR(@FromDate) | CL.PersonID = TS.PersonID AND CL.PeriodID = TS.PeriodID | LK.PersonID = TS.PersonID | CDL.PersonID = TS.PersonID | CNL.PersonID = TS.PersonID | CHH.PersonID = TS.PersonID | CBL.PersonID = TS.PersonID | CKP.PersonID = TS.PersonID,CHUA_XAC_MINH_DB,TOP 1 @PeriodID = PeriodID,NO,YES,YES,NO,NO,STATIC_REFERENCE_FOUND,NOT_FOUND_STATIC,,REPORT,EXCLUDE_PHASE2,HIGH
sql/API/APINEW/API_BaoCaoLuong.sql,API_BaoCaoLuong,WA_BaoCaoLuongReport,View,HR_TimeSheetTbl,ORDER,HR_HolidayTbl|HR_PersonTbl|#ChamCongGom|#DetailPivot,LEFT JOIN,CAST(H.HolidayDate AS DATE) = CAST(TS.DocumentDate AS DATE) | P.PersonID = PR.PersonID | CC.PersonID = PR.PersonID AND CC.PeriodID = PR.PeriodID | DV.DocumentID = PR.DocumentID,CHUA_XAC_MINH_DB,TOP 1 @PeriodID = PeriodID,NO,YES,NO,NO,NO,STATIC_REFERENCE_FOUND,NOT_FOUND_STATIC,,REPORT,EXCLUDE_PHASE2,HIGH
sql/API/APINEW/API_BaoCaoNghiPhepReportStp.sql,API_BaoCaoNghiPhepReportStp,WA_BaoCaoNghiPhepReport,View,HR_TimeSheetTbl,ORDER,HR_NghiPhepDetailTbl|HR_PersonNghiPhepTbl|MonthlyLeave_CTE,INNER JOIN|LEFT JOIN,M.DocumentID = DT.DocumentID | PE.PersonID = p.PersonID AND p.Nam = @NamBC | PE.PersonID = m.PersonID,CHUA_XAC_MINH_DB,TOP 1 @PeriodID = PeriodID,NO,YES,NO,NO,NO,STATIC_REFERENCE_FOUND,NOT_FOUND_STATIC,,REPORT,EXCLUDE_PHASE2,HIGH
sql/API/APINEW/API_BaoCaoNhanSuReportStp.sql,API_BaoCaoNhanSuReportStp,WA_BaoCaoNhanSuReport,View,HR_PersonTbl,WHERE,HR_BaoHiemTbl|HR_PersonStatusTbl,INNER JOIN|LEFT JOIN,BH.DocumentID = CT.DocumentID | PS.PersonStatus = P.PersonStatus | BH.DocumentID = CT.DocumentID | BH.DocumentID = CT.DocumentID,CHUA_XAC_MINH_DB,@SoLuongTang = COUNT(1),NO,YES,NO,NO,YES,STATIC_REFERENCE_FOUND,NOT_FOUND_STATIC,,REPORT,EXCLUDE_PHASE2,HIGH
sql/API/APINEW/API_BaoHiem_Detail.sql,API_BaoHiem_Detail,API_BaoHiem_Detail,View,HR_BaoHiemChiTietTbl,CT,HR_PersonTbl|HR_HopDongTbl,LEFT JOIN,CT.PersonID = P.PersonID | CT.PersonID = H.PersonID,CHUA_XAC_MINH_DB,"CT.UserAutoID, CT.DocumentID, CT.PersonID, P.PersonName, P.PhongBan, P.TitleName, ISNULL(H.ChucDanhChuyenMonHD, P.ChucDanhChuyenMon) AS ChucDanhChuyenMon, CT.MucDong, CT.MucDongBHXHNLD, CT.MucDongBHXHNSDLD, CT.MucDongBHYTNLD, CT.MucDongBHYTNSDLD, CT.MucDongBHTNNLD, CT.MucDongBHTNNSDLD, CT.GhiChu",NO,NO,NO,NO,NO,NOT_FOUND_STATIC,NOT_FOUND_STATIC,src/js/modules/hr/definitions/payroll.js,BUSINESS_ACTION,EXCLUDE_PHASE2,HIGH
sql/API/APINEW/API_BaoHiem_PersonLookup.sql,API_BaoHiem_PersonLookup,WA_BaoHiemFrm_PersonID,View,HR_PersonTbl,P,HR_BaoHiemTbl,INNER JOIN,H.DocumentID = CT.DocumentID,CHUA_XAC_MINH_DB,"P.PersonID, P.PersonName, P.PhongBan, ISNULL(BH.MucDong, 0) AS MucDong, CASE WHEN BH.PersonID IS NOT NULL THEN N'!!! ĐÃ CÓ BH TẠI KỲ: ' + CAST(BH.PeriodID AS VARCHAR) + N' (Chứng từ: ' + BH.DocumentID + ')' ELSE '' END AS CanhBao",NO,YES,NO,NO,NO,STATIC_REFERENCE_FOUND,NOT_FOUND_STATIC,,BUSINESS_ACTION,EXCLUDE_PHASE2,HIGH
sql/API/APINEW/API_BaoHiem.sql,API_BaoHiem,WA_BaoHiemFrm,View,HR_BaoHiemTbl,BH,,,,NONE,"BH.DocumentID, BH.DocumentDate, BH.Notes, BH.PeriodID, BH.LoaiBaoHiem, BH.BranchID, CONCAT(BH.PeriodID, '_', BH.LoaiBaoHiem) AS PeriodKeyID, BH.UserCreate, BH.UserUpdate, BH.DateUpdate, BH.DateCreate",NO,NO,NO,NO,NO,STATIC_REFERENCE_FOUND,NOT_FOUND_STATIC,src/js/modules/hr/definitions/payroll.js,BUSINESS_ACTION,EXCLUDE_PHASE2,LOW
sql/API/APINEW/API_CaLamViec_Detail.sql,API_CaLamViec_ChiTiet,API_CaLamViec_ChiTiet,View,HR_SapCaChiTietTbl,CT,HR_PersonTbl|HR_ShiftListTbl,LEFT JOIN,P.PersonID = CT.PersonID | SL.ShiftID = CT.ShiftID,CHUA_XAC_MINH_DB,"CT.UserAutoID, CT.SapCaID, CT.PersonID, P.PersonName, P.PhongBan, CONVERT(NVARCHAR(10), CT.NgayLamViec, 103) AS NgayLamViec, CT.ShiftID, SL.ShiftName, CT.TrangThaiThucTe, CT.GhiChu",NO,NO,NO,NO,NO,NOT_FOUND_STATIC,NOT_FOUND_STATIC,src/js/modules/hr/definitions/attendance.js,JOINED_MASTER,REWRITE_SAFE_JOIN,HIGH
sql/API/APINEW/API_CaLamViec_Detail.sql,API_CaLamViec_NhanVien,API_CaLamViec_NhanVien,View,HR_SapCaNhanVienTbl,NV,HR_PersonTbl,LEFT JOIN,P.PersonID = NV.PersonID,CHUA_XAC_MINH_DB,"NV.UserAutoID, NV.SapCaID, NV.PersonID, P.PersonName, P.PhongBan, P.BranchID, NV.GhiChu",NO,NO,NO,NO,NO,STATIC_REFERENCE_FOUND,NOT_FOUND_STATIC,src/js/modules/hr/definitions/attendance.js,JOINED_MASTER,REWRITE_SAFE_JOIN,HIGH
sql/API/APINEW/API_CaLamViec.sql,API_CaLamViec,WA_CaLamViecFrm,View,HR_SapCaTbl,WHERE,,,,NONE,"SapCaID, TenBangCa, TuNgay, DenNgay, Thu2, Thu3, Thu4, Thu5, Thu6, Thu7, ChuNhat, ShiftIDThu2, ShiftIDThu3, ShiftIDThu4, ShiftIDThu5, ShiftIDThu6, ShiftIDThu7, ShiftIDChuNhat",NO,NO,NO,NO,NO,NOT_FOUND_STATIC,NOT_FOUND_STATIC,src/js/modules/hr/definitions/attendance.js,SIMPLE_SINGLE_TABLE,CONVERT_MASTER_STAR,LOW
sql/API/APINEW/API_DanhSachBangCap.sql,API_DanhSachBangCap,WA_BangCapListFrm,View,HR_BangCapTbl,WHERE,,,,NONE,"MaBangCap, TenBangCap",NO,NO,NO,NO,NO,NOT_FOUND_STATIC,NOT_FOUND_STATIC,,SIMPLE_SINGLE_TABLE,CONVERT_MASTER_STAR,LOW
sql/API/APINEW/API_DanhSachBenhVien.sql,API_DanhSachBenhVien,WA_HospitalListFrm,View,HR_HospitalListTbl,WHERE,,,,NONE,"STT, HospitalName, [Address], GhiChu",NO,NO,NO,NO,YES,NOT_FOUND_STATIC,NOT_FOUND_STATIC,,SIMPLE_SINGLE_TABLE,KEEP_EXPLICIT,HIGH
sql/API/APINEW/API_DanhSachBoPhan.sql,API_DanhSachBoPhan,API_DanhSachBoPhan|HR_DepartmentListTbl,View|View,HR_DepartmentListTbl,WHERE,,,,NONE,"PhongBan, TenPhongBan",NO,NO,NO,NO,NO,NOT_FOUND_STATIC,NOT_FOUND_STATIC,,SIMPLE_SINGLE_TABLE,CONVERT_MASTER_STAR,LOW
sql/API/APINEW/API_DanhSachCaLamViec.sql,API_DanhSachCaLamViec,WA_ShiftListFrm,View,HR_ShiftListTbl,WHERE,,,,NONE,"STT, ShiftID, ShiftName, GioBatDau, GioKetThuc, SoGioCong, GioCaDem, CaTuDong, ShiftType, CachChamCong, Color, SoCong",NO,NO,NO,NO,NO,NOT_FOUND_STATIC,NOT_FOUND_STATIC,,SIMPLE_SINGLE_TABLE,CONVERT_MASTER_STAR,LOW
sql/API/APINEW/API_DanhSachCaLamViecChiNhanh.sql,API_DanhSachCaLamViecChiNhanh,HR_ShiftListCNFrm|WA_ShiftListCNFrm,View|View,HR_ShiftListCNTbl,WHERE,,,,NONE,"BranchID, ShiftID, ShiftName, LoaiCa, CachChamCong, GioVaoDoan1, GioRaDoan1, GioVaoDoan2, GioRaDoan2, GioVaoThang, GioRaThang, IsCaDem, SoGioCong, SoCong, GhiChu, UserCreate, DateCreate, UserUpdate, DateUpdate",NO,NO,NO,NO,NO,STATIC_REFERENCE_FOUND,NOT_FOUND_STATIC,,SIMPLE_SINGLE_TABLE,CONVERT_MASTER_STAR,LOW
sql/API/APINEW/API_DanhSachChiNhanh.sql,API_DanhSachChiNhanh,CF_BranchListFrm,View,CF_BranchTbl,WHERE,,,,NONE,"BranchID, BranchName",NO,NO,NO,NO,NO,STATIC_REFERENCE_FOUND,NOT_FOUND_STATIC,src/js/modules/hr/actions/timesheet-actions.js,SIMPLE_SINGLE_TABLE,CONVERT_MASTER_STAR,LOW
sql/API/APINEW/API_DanhSachChucDanh.sql,API_DanhSachChucDanh,API_DanhSachChucDanh|WA_ChucDanhFrm,View|View,HR_ChucDanhTbl,WHERE,,,,NONE,"ChucDanhChuyenMon, MoTa",NO,NO,NO,NO,NO,NOT_FOUND_STATIC,NOT_FOUND_STATIC,,SIMPLE_SINGLE_TABLE,CONVERT_MASTER_STAR,LOW
sql/API/APINEW/API_DanhSachChucVu.sql,API_DanhSachChucVu,API_DanhSachChucVu,View,HR_TitleListTbl,WHERE,,,,NONE,"TitleName, GhiChu",NO,NO,NO,NO,NO,NOT_FOUND_STATIC,NOT_FOUND_STATIC,,SIMPLE_SINGLE_TABLE,CONVERT_MASTER_STAR,LOW
sql/API/APINEW/API_DanhSachCongViec.sql,API_DanhSachCongViec,WA_JobListFrm,View,HR_JobListTbl,WHERE,,,,NONE,"STT, JobName, GhiChu",NO,NO,NO,NO,NO,NOT_FOUND_STATIC,NOT_FOUND_STATIC,,SIMPLE_SINGLE_TABLE,CONVERT_MASTER_STAR,LOW
sql/API/APINEW/API_DanhSachDanToc.sql,API_DanhSachDanToc,WA_PeopleListFrm,View,HR_PeoplesListTbl,WHERE,,,,NONE,"STT, PeoplesName, PeoplesName2, PeoplesPlace, isDefault, GhiChu",NO,NO,NO,NO,NO,NOT_FOUND_STATIC,NOT_FOUND_STATIC,,SIMPLE_SINGLE_TABLE,CONVERT_MASTER_STAR,LOW
sql/API/APINEW/API_DanhSachHinhThucNghi.sql,API_DanhSachHinhThucNghi,WA_HinhThucNghiListFrm,View,HR_HinhThucNghiListTbl,WHERE,,,,NONE,"HinhThucNghi, TenHinhThucNghi, NghiCoLuong",NO,NO,NO,NO,NO,NOT_FOUND_STATIC,NOT_FOUND_STATIC,,SIMPLE_SINGLE_TABLE,CONVERT_MASTER_STAR,LOW
sql/API/APINEW/API_DanhSachHocVan.sql,API_DanhSachHocVan,WA_BangCapListFrm,View,HR_EducationListTbl,WHERE,,,,NONE,"EducationName, GhiChu",NO,NO,NO,NO,NO,NOT_FOUND_STATIC,NOT_FOUND_STATIC,,SIMPLE_SINGLE_TABLE,CONVERT_MASTER_STAR,LOW
sql/API/APINEW/API_DanhSachLoaiHD.sql,API_DanhSachLoaiHD,WA_DanhSachLoaiHD,View,HR_PersonView,WHERE,,,,NONE,DISTINCT LoaiHD,NO,NO,NO,NO,NO,NOT_FOUND_STATIC,NOT_FOUND_STATIC,,SIMPLE_SINGLE_TABLE,CONVERT_MASTER_STAR,LOW
sql/API/APINEW/API_DanhSachNganHang.sql,API_DanhSachNganHang,WA_BankListFrm,View,HR_BankListTbl,WHERE,,,,NONE,"STT, BankName, [Address], GhiChu",NO,NO,NO,NO,YES,NOT_FOUND_STATIC,NOT_FOUND_STATIC,,SIMPLE_SINGLE_TABLE,KEEP_EXPLICIT,HIGH
sql/API/APINEW/API_DanhSachNgheNghiep.sql,API_DanhSachNgheNghiep,WA_CareerlListFrm,View,HR_CareerListTbl,WHERE,,,,NONE,"STT, CareerName, GhiChu",NO,NO,NO,NO,NO,NOT_FOUND_STATIC,NOT_FOUND_STATIC,,SIMPLE_SINGLE_TABLE,CONVERT_MASTER_STAR,LOW
sql/API/APINEW/API_DanhSachQuocGia.sql,API_DanhSachQuocGia,WA_NationListFrm,View,HR_NationListTbl,WHERE,,,,NONE,"STT, NationName, isDefault, GhiChu",NO,NO,NO,NO,NO,NOT_FOUND_STATIC,NOT_FOUND_STATIC,,SIMPLE_SINGLE_TABLE,CONVERT_MASTER_STAR,LOW
sql/API/APINEW/API_DanhSachTinhThanh.sql,API_DanhSachTinhThanh,WA_ProvinceListFrm,View,HR_ProvineListTbl,WHERE,,,,NONE,"STT, ProvineName, TownShip, GhiChu",NO,NO,NO,NO,NO,NOT_FOUND_STATIC,NOT_FOUND_STATIC,,SIMPLE_SINGLE_TABLE,CONVERT_MASTER_STAR,LOW
sql/API/APINEW/API_DanhSachTonGiao.sql,API_DanhSachTonGiao,WA_ReligionListFrm,View,HR_ReligionListTbl,WHERE,,,,NONE,"STT, ReligionName, GhiChu",NO,NO,NO,NO,NO,NOT_FOUND_STATIC,NOT_FOUND_STATIC,,SIMPLE_SINGLE_TABLE,CONVERT_MASTER_STAR,LOW
sql/API/APINEW/API_DanhSachToNhom.sql,API_DanhSachToNhom,,,HR_WorkingGroupListTbl,WHERE,,,,NONE,"STT, WorkingGroupName, GhiChu",NO,NO,NO,NO,NO,NOT_FOUND_STATIC,NOT_FOUND_STATIC,,SIMPLE_SINGLE_TABLE,CONVERT_MASTER_STAR,LOW
sql/API/APINEW/API_DanhSachViTri.sql,API_DanhSachViTri,,,HR_PostionListTbl,WHERE,,,,NONE,"STT, PostionName, GhiChu",NO,NO,NO,NO,NO,NOT_FOUND_STATIC,NOT_FOUND_STATIC,,SIMPLE_SINGLE_TABLE,CONVERT_MASTER_STAR,LOW
sql/API/APINEW/API_Dashboard_MultiTemplate.sql,API_HR_Dashboard_Birthdays,API_HR_Dashboard_Birthdays,View,HR_PersonTbl,P,HR_DepartmentListTbl,LEFT JOIN,P.PhongBan = D.PhongBan,CHUA_XAC_MINH_DB,"TOP 15 P.PersonName + ' (' + ISNULL(D.TenPhongBan, N'') + ')' AS empName, CONVERT(VARCHAR(5), P.NgaySinh, 103) AS birthdayDate, DAY(P.NgaySinh) AS birthDay",NO,NO,NO,NO,NO,STATIC_REFERENCE_FOUND,NOT_FOUND_STATIC,src/pages/dashboard/dashboard.js,REPORT,EXCLUDE_PHASE2,HIGH
sql/API/APINEW/API_Dashboard_MultiTemplate.sql,API_HR_Dashboard_ContractsExpiring,API_HR_Dashboard_ContractsExpiring,View,HR_HopDongTbl,H,HR_PersonTbl|HR_DepartmentListTbl,INNER JOIN|LEFT JOIN,H.PersonID = P.PersonID | P.PhongBan = D.PhongBan,CHUA_XAC_MINH_DB,"TOP 10 P.PersonName + ' (' + ISNULL(D.TenPhongBan, N'Chưa rõ') + ')' AS empName, CONVERT(VARCHAR(10), H.NgayHetHieuLuc, 103) AS expireDate, P.PersonID AS empCode, CASE WHEN DATEDIFF(DAY, GETDATE(), H.NgayHetHieuLuc) <= 7 THEN 'danger' WHEN DATEDIFF(DAY, GETDATE(), H.NgayHetHieuLuc) <= 15 THEN 'warning' ELSE 'info' END AS statusLevel",NO,NO,NO,NO,NO,STATIC_REFERENCE_FOUND,NOT_FOUND_STATIC,src/pages/dashboard/dashboard.js,REPORT,EXCLUDE_PHASE2,HIGH
sql/API/APINEW/API_Dashboard_MultiTemplate.sql,API_HR_Dashboard_Demographics,API_HR_Dashboard_Demographics,View,HR_PersonTbl,P,HR_HopDongTbl,LEFT JOIN,P.PersonID = H.PersonID,CHUA_XAC_MINH_DB,"'Gender' AS groupType, CASE WHEN LTRIM(RTRIM(GioiTinh)) IN (N'Nam', N'Naam', 'Nam', 'Naam') THEN N'Nam' WHEN LTRIM(RTRIM(GioiTinh)) IN (N'Nữ', N'Nư', N'Nu', 'Nữ', 'Nư', 'Nu') THEN N'Nữ' ELSE N'Chưa cập nhật' END AS label, COUNT(1) AS value",NO,YES,YES,NO,NO,STATIC_REFERENCE_FOUND,NOT_FOUND_STATIC,src/pages/dashboard/dashboard.js,REPORT,EXCLUDE_PHASE2,HIGH
sql/API/APINEW/API_Dashboard_MultiTemplate.sql,API_HR_Dashboard_Department,API_HR_Dashboard_Department,View,HR_DepartmentListTbl,D,HR_PersonTbl,LEFT JOIN,P.PhongBan = D.PhongBan AND (P.NgayNghiViec IS NULL OR P.NgayNghiViec > GETDATE()) | P.BranchID = B.BranchID AND (P.NgayNghiViec IS NULL OR P.NgayNghiViec > GETDATE()),CHUA_XAC_MINH_DB,"* FROM ( SELECT 'Dept' AS groupType, ISNULL(D.TenPhongBan, N'Chưa rõ') AS label, COUNT(P.PersonID) AS value",YES,YES,YES,NO,NO,STATIC_REFERENCE_FOUND,NOT_FOUND_STATIC,src/pages/dashboard/dashboard.js,REPORT,EXCLUDE_PHASE2,HIGH
sql/API/APINEW/API_Dashboard_MultiTemplate.sql,API_HR_Dashboard_GetBranches,API_HR_Dashboard_GetBranches,View,CF_BranchTbl,ORDER,,,,NONE,"BranchID AS value, ISNULL(BranchName, BranchID) AS label",NO,NO,NO,NO,NO,STATIC_REFERENCE_FOUND,NOT_FOUND_STATIC,src/pages/dashboard/dashboard.js,REPORT,EXCLUDE_PHASE2,LOW
sql/API/APINEW/API_Dashboard_MultiTemplate.sql,API_HR_Dashboard_OverviewToday,API_HR_Dashboard_OverviewToday,View,HR_PersonTbl,WHERE,HR_PersonTbl,INNER JOIN,T.PersonID = P.PersonID | H.PersonID = P.PersonID,CHUA_XAC_MINH_DB,@TotalHeadcount = COUNT(1),NO,YES,NO,NO,NO,STATIC_REFERENCE_FOUND,NOT_FOUND_STATIC,src/pages/dashboard/dashboard.js,REPORT,EXCLUDE_PHASE2,HIGH
sql/API/APINEW/API_Dashboard_MultiTemplate.sql,API_HR_Dashboard_Payroll,API_HR_Dashboard_Payroll,View,HR_PayrollTbl,PR,HR_PersonTbl|HR_DepartmentListTbl,INNER JOIN|LEFT JOIN,PR.PersonID = P.PersonID | PR.PersonID = P.PersonID | P.PhongBan = D.PhongBan,CHUA_XAC_MINH_DB,"ISNULL(SUM(PR.TongLuong), 0) AS totalSalary, ISNULL(SUM(PR.TongLuong) * 0.9, 0) AS prevTotalSalary, ISNULL(SUM(PR.TienBuTru), 0) AS bonus, ISNULL(SUM(PR.TongLuong) * 0.88, 0) AS prevBonus, ISNULL(SUM(PR.MucDong), 0) AS insurance, ISNULL(SUM(PR.MucDong) * 0.9, 0) AS prevInsurance",NO,YES,NO,NO,NO,STATIC_REFERENCE_FOUND,NOT_FOUND_STATIC,src/pages/dashboard/dashboard.js,REPORT,EXCLUDE_PHASE2,HIGH
sql/API/APINEW/API_Dropdown_ReportTemplates.sql,API_Dropdown_ReportTemplates,API_Dropdown_ReportTemplates,View,WA_API,WHERE,,,,NONE,"'HR_BaoCaoNhansu2Report' AS [value], N'Báo cáo nhân sự tổng hợp' AS [label] UNION ALL SELECT 'HR_BaoCaoNhanSuNVNReport', N'Báo cáo nhân sự NVN' UNION ALL SELECT 'HR_BaoCaoNhanSuNNNReport', N'Báo cáo nhân sự NNN' UNION ALL SELECT 'HR_BaoCaoNhanSuThieuHDReport', N'Báo cáo nhân sự thiếu HĐLĐ' UNION ALL SELECT 'HR_BaoCaoNhanSuThieuBHReport', N'Báo cáo nhân sự thiếu BH'; END GO PRINT 'Da tao SP API_Dropdown_ReportTemplates thanh cong!'; GO DELETE",NO,NO,YES,NO,NO,NOT_FOUND_STATIC,NOT_FOUND_STATIC,,REPORT,EXCLUDE_PHASE2,HIGH
sql/API/APINEW/API_HopDongLaoDong_Attach.sql,API_HopDongLaoDong_Attach,API_HopDongLaoDong_Attach,View,HR_HopDongAttachTbl,WHERE,,,,NONE,"UserAutoID, MaHopDong, FileName, FileType, STT, FileSize, Content",NO,NO,NO,YES,NO,NOT_FOUND_STATIC,NOT_FOUND_STATIC,src/js/modules/hr/definitions/contract.js,ATTACHMENT,BLOCKED,CRITICAL
sql/API/APINEW/API_HopDongLaoDong_ChiTiet.sql,API_HopDongLaoDong_ChiTiet,API_HopDongLaoDong_ChiTiet,View,HR_HopDongDetailTbl,D,HR_BangPhuCapTbl,LEFT JOIN,D.MaPhuCap = P.MaPhuCap,CHUA_XAC_MINH_DB,"D.UserAutoID, D.MaHopDong, D.MaPhuCap, ISNULL(D.TenPhuCap, P.TenPhuCap) AS TenPhuCap, D.TienPhuCap, P.TienPhuCapNgay, P.TienPhuCapThang, D.GhiChu",NO,NO,NO,NO,NO,NOT_FOUND_STATIC,NOT_FOUND_STATIC,src/js/modules/hr/definitions/contract.js,JOINED_MASTER,REWRITE_SAFE_JOIN,HIGH
sql/API/APINEW/API_HopDongLaoDong_LoaiHD.sql,API_HopDongLaoDong_LoaiHD,API_HopDongLaoDong_LoaiHD,View,HR_HopDongTbl,WHERE,,,,NONE,DISTINCT LoaiHD,NO,NO,NO,NO,NO,NOT_FOUND_STATIC,NOT_FOUND_STATIC,src/js/modules/hr/definitions/contract.js,SIMPLE_SINGLE_TABLE,CONVERT_MASTER_STAR,LOW
sql/API/APINEW/API_HopDongLaoDong_NamLap.sql,API_HopDongLaoDong_NamLap,API_HopDongLaoDong_NamLap,View,HR_HopDongTbl,WHERE,,,,NONE,DISTINCT NamLap,NO,NO,NO,NO,NO,NOT_FOUND_STATIC,NOT_FOUND_STATIC,src/js/modules/hr/definitions/contract.js,SIMPLE_SINGLE_TABLE,CONVERT_MASTER_STAR,LOW
sql/API/APINEW/API_HopDongLaoDong_NhanVienChuaCoHD.sql,API_HopDongLaoDong_NhanVienChuaCoHD,,,HR_PersonTbl,P,,,,NONE,"P.PersonID, P.PersonName, P.PhongBan, P.TitleName",NO,NO,NO,NO,NO,NOT_FOUND_STATIC,NOT_FOUND_STATIC,,SIMPLE_SINGLE_TABLE,CONVERT_MASTER_STAR,LOW
sql/API/APINEW/API_HopDongLaoDong.sql,API_HopDongLaoDong,WA_HopDongLaoDongFrm,View,HR_HopDongTbl,H,HR_PersonTbl|HR_PersonStatusTbl,LEFT JOIN,H.PersonID = P.PersonID | H.PersonStatus = S.PersonStatus,CHUA_XAC_MINH_DB,"H.MaHopDong, H.PersonID, P.PersonName AS PersonName, H.NgayKyHopDong, H.NoiDung, H.LoaiHopDong, H.ThoiGianLamViec, H.NgayCoHieuLuc, H.NgayHetHieuLuc, H.PhuongTien, H.HinhThucTraLuong, H.LuongCoBan, H.NguoiKy, H.ChucDanhChuyenMonHD, H.ChucVuNguoiKy, H.DiaDiemLamViec, H.PersonStatus, S.PersonStatusName, H.UserCreate, H.UserUpdate, H.DateUpdate, H.DateCreate, H.LoaiTien, H.NamLap, H.LoaiHD, H.MucDong, H.ThoiGianThuViec, P.BranchID, P.CMND, P.CMNDNgayCap, P.CMNDNoiCap, P.DiaChiThuongTru",NO,NO,NO,NO,YES,STATIC_REFERENCE_FOUND,NOT_FOUND_STATIC,src/js/modules/hr/definitions/contract.js,JOINED_MASTER,REWRITE_SAFE_JOIN,HIGH
sql/API/APINEW/API_HoSoNhanVien.sql,API_HoSoNhanVien,WA_PersonFullFrm|HR_PersonTbl,View|View,HR_PersonTbl,P,HR_PersonStatusTbl,LEFT JOIN,P.PersonStatus = S.PersonStatus,CHUA_XAC_MINH_DB,"P.PersonID, P.PersonName, P.PhongBan, P.TitleName, P.ChucDanhChuyenMon, P.NgaySinh, P.CMND, P.DiaChiThuongTru, P.NgayVaoLam, P.BranchID, P.NgayHopDong, P.NationName, P.SoHopDong, P.DienThoai, P.PersonStatus, P.NewPersonID, P.CardNo, P.ProvineName, P.DiaChiHienNay, P.Quanly, P.NgayThuViec, P.BankHolder, P.BankAccountNo, P.BankName, P.BankLocation, P.SocialID, P.SocialDate, P.NgayKetThucBH, P.ShiftID, P.SoTheBHYT, P.ThoiGianHuongBHYT, P.NoiDangKyBHYT, P.ChamCong, P.LoaiHopDong, P.NgayHetHopDong, P.NguoiLienHe, P.MoiQuanHe, P.NguoiLienHeSoDT, P.GioiTinh, P.HonNhan, P.CMNDNgayCap, P.CMNDNoiCap,...",NO,NO,NO,YES,YES,STATIC_REFERENCE_FOUND,NOT_FOUND_STATIC,,ATTACHMENT,BLOCKED,CRITICAL
sql/API/APINEW/API_HoSoNhanVien.sql,API_PersonAttach_SaveAvatar,,,HR_PersonAttachTbl,WHERE,,,,NONE,"-1 AS code, N'Lá»—i: KhÃ´ng tÃ¬m tháº¥y mÃ£ nhÃ¢n viÃªn/á»©ng viÃªn!' AS msg; RETURN; END IF @FileType = 1 BEGIN DECLARE @ExistingID VARCHAR(50); SELECT TOP 1 @ExistingID = UserAutoID",NO,NO,NO,NO,NO,NOT_FOUND_STATIC,NOT_FOUND_STATIC,,ATTACHMENT,EXCLUDE_PHASE2,LOW
sql/API/APINEW/API_HoSoNhanVien.sql,API_PersonFull_T1_Salary,API_PersonFull_T1_Salary,View,HR_PersonSalaryTbl,WHERE,,,,NONE,*,YES,NO,NO,NO,NO,NOT_FOUND_STATIC,NOT_FOUND_STATIC,src/js/modules/hr/definitions/employee.js,SIMPLE_SINGLE_TABLE,CONVERT_MASTER_STAR,MEDIUM
sql/API/APINEW/API_HoSoNhanVien.sql,API_PersonFull_T3_KTKL,API_PersonFull_T3_KTKL,View,HR_PersonKTKLTbl,WHERE,,,,NONE,"UserAutoID, PersonID, NoiDungKTKL, GhiChu",NO,NO,NO,NO,NO,NOT_FOUND_STATIC,NOT_FOUND_STATIC,src/js/modules/hr/definitions/employee.js,SIMPLE_SINGLE_TABLE,CONVERT_MASTER_STAR,LOW
sql/API/APINEW/API_HoSoNhanVien.sql,API_PersonFull_T4_NghiPhep,API_PersonFull_T4_NghiPhep,View,HR_PersonNghiPhepTbl,WHERE,,,,NONE,"UserAutoID, PersonID, Nam, SoNgay, PhepThamNien, SoNgayDaSuDung, SoNgayConLai, PhepTonNamTruoc, SoNgayPhepTet, SoNgayPhepOm, NgayCapNhat, GhiChu",NO,NO,NO,NO,NO,NOT_FOUND_STATIC,NOT_FOUND_STATIC,src/js/modules/hr/definitions/employee.js,SIMPLE_SINGLE_TABLE,CONVERT_MASTER_STAR,LOW
sql/API/APINEW/API_HoSoNhanVien.sql,API_PersonFull_T5_Relation,API_PersonFull_T5_Relation,View,HR_PersonRelationTbl,WHERE,,,,NONE,"UserAutoID, PersonID, RelationID, PersonRelationName, NgaySinh, DiaChiThuongTru, DiaChiHienNay, IsNguoiPhuThuoc, GiamTruTuThang, GiamTruDenThang",NO,NO,NO,NO,NO,NOT_FOUND_STATIC,NOT_FOUND_STATIC,src/js/modules/hr/definitions/employee.js,SIMPLE_SINGLE_TABLE,CONVERT_MASTER_STAR,LOW
sql/API/APINEW/API_HoSoNhanVien.sql,API_PersonFull_T6_HopDong,API_PersonFull_T6_HopDong,View,HR_HopDongTbl,WHERE,,,,NONE,"MaHopDong, PersonID, PersonName, NgayKyHopDong, NgayCoHieuLuc, NgayHetHieuLuc, LoaiHopDong, LuongCoBan, MucDong, NoiDung",NO,NO,NO,NO,NO,NOT_FOUND_STATIC,NOT_FOUND_STATIC,src/js/modules/hr/definitions/employee.js,SIMPLE_SINGLE_TABLE,CONVERT_MASTER_STAR,LOW
sql/API/APINEW/API_HoSoNhanVien.sql,API_PersonFull_T7_CongTac,API_PersonFull_T7_CongTac,View,HR_LichSuCongTacTbl,WHERE,,,,NONE,"UserAutoID, PersonID, PhongBan, TitleName, PostionName, Quanly, ShiftID, NgayThayDoi, UserName",NO,NO,NO,NO,NO,NOT_FOUND_STATIC,NOT_FOUND_STATIC,src/js/modules/hr/definitions/employee.js,SIMPLE_SINGLE_TABLE,CONVERT_MASTER_STAR,LOW
sql/API/APINEW/API_HoSoNhanVien.sql,API_PersonFull_T8_Log,API_PersonFull_T8_Log,View,HR_PersonLogTbl,WHERE,,,,NONE,"UserAutoID, PersonID, UserName, LogDate, BranchID, StatusID, Notes",NO,NO,NO,NO,NO,STATIC_REFERENCE_FOUND,NOT_FOUND_STATIC,src/js/modules/hr/definitions/employee.js,SIMPLE_SINGLE_TABLE,CONVERT_MASTER_STAR,LOW
sql/API/APINEW/API_HoSoNhanVien.sql,API_PersonFull_T9_GiayTo,API_PersonFull_T9_GiayTo,View,HR_PersonGiayToTbl,WHERE,,,,NONE,"DocumentID, PersonID, LoaiGiayTo, TuNgay, DenNgay, Notes",NO,NO,NO,NO,YES,STATIC_REFERENCE_FOUND,NOT_FOUND_STATIC,src/js/modules/hr/definitions/employee.js,SIMPLE_SINGLE_TABLE,KEEP_EXPLICIT,HIGH
sql/API/APINEW/API_HR_BangThamSo_Lookup.sql,API_HR_BangThamSo_Lookup,HR_BangThamSoTbl,View,HR_BangThamSoTbl,WHERE,,,,NONE,"RTRIM(PeriodID) AS [PeriodID], RTRIM(LoaiBaoHiem) AS [LoaiBaoHiem], CONCAT(PeriodID, '_', LoaiBaoHiem) AS [KeyID]",NO,YES,NO,NO,NO,NOT_FOUND_STATIC,NOT_FOUND_STATIC,,LOOKUP,EXCLUDE_PHASE2,HIGH
sql/API/APINEW/API_HR_DropdownShifts.sql,API_HR_DropdownShifts,API_HR_DropdownShifts,View,HR_ShiftListTbl,ORDER,,,,NONE,"ShiftID, ShiftName",NO,NO,NO,NO,NO,NOT_FOUND_STATIC,NOT_FOUND_STATIC,,LOOKUP,EXCLUDE_PHASE2,LOW
sql/API/APINEW/API_KinhPhiCongDoan.sql,API_Calculate_MucDong_CongDoan,API_Calculate_MucDong_CongDoan,View,HR_PersonView,PV,HR_BaoHiemChiTietTbl|HR_HopDongTbl,LEFT JOIN,PV.PersonID = BHCT.PersonID | PV.PersonID = HD.PersonID,CHUA_XAC_MINH_DB,"PV.PersonID, PV.PersonName, BHCT.MucDong, ISNULL(HD.ChucDanhChuyenMonHD, PV.ChucDanhChuyenMon) AS ChucDanhChuyenMon, PV.BranchID, CAST(ISNULL(BHCT.MucDong, 0) * 0.02 AS DECIMAL(18,2)) AS KinhPhiNopCongDoanVN, CAST(ISNULL(BHCT.MucDong, 0) * 0.02 * 0.25 AS DECIMAL(18,2)) AS CongDoanVN, CAST(ISNULL(BHCT.MucDong, 0) * 0.02 * 0.75 AS DECIMAL(18,2)) AS CongDoanCTY",NO,NO,NO,NO,NO,STATIC_REFERENCE_FOUND,NOT_FOUND_STATIC,,BUSINESS_ACTION,EXCLUDE_PHASE2,HIGH
sql/API/APINEW/API_KinhPhiCongDoan.sql,API_KinhPhiCongDoan,WA_KinhPhiCongDoanFrm,View,HR_KinhPhiCongDoanTbl,KP,HR_PersonView,LEFT JOIN,KP.PersonID = P.PersonID,CHUA_XAC_MINH_DB,"KP.[UserAutoID], KP.[PersonID], KP.[PersonName], KP.[ChucDanhChuyenMon], KP.[MucDong], KP.[KinhPhiNopCongDoanVN], KP.[CongDoanVN], KP.[CongDoanCTY], P.BranchID",NO,NO,NO,NO,NO,STATIC_REFERENCE_FOUND,NOT_FOUND_STATIC,,JOINED_MASTER,REWRITE_SAFE_JOIN,HIGH
sql/API/APINEW/API_LuongKhoan.sql,API_LuongKhoan,WA_LuongKhoanFrm,View,HR_LuongKhoanTbl,L,HR_PersonTbl,LEFT JOIN,L.PersonID = P.PersonID,CHUA_XAC_MINH_DB,"L.UserAutoID, L.PersonID, P.PersonName, L.TuNgay, L.DenNgay, L.SoTienKhoan, L.GhiChu",NO,NO,NO,NO,NO,NOT_FOUND_STATIC,NOT_FOUND_STATIC,,JOINED_MASTER,REWRITE_SAFE_JOIN,HIGH
sql/API/APINEW/API_NguoiDungFrm.sql,API_NguoiDungFrm,WA_NguoiDungFrm,View,SY_User,U,SY_UserGroup|CF_BranchTbl,LEFT JOIN,U.UserGroupID = G.UserGroupID | U.BranchID = B.BranchID,CHUA_XAC_MINH_DB,"U.*, G.UserGroupName, B.BranchName",YES,NO,NO,NO,NO,STATIC_REFERENCE_FOUND,NOT_FOUND_STATIC,,JOINED_MASTER,REWRITE_SAFE_JOIN,HIGH
sql/API/APINEW/API_NguoiDungNhomFrm.sql,API_NguoiDungNhomFrm,WA_NguoiDungNhomFrm,View,SY_User,U,,,,NONE,"G.UserGroupID, G.UserGroupName, G.IsDisable, (SELECT COUNT(*)",NO,YES,NO,NO,NO,NOT_FOUND_STATIC,NOT_FOUND_STATIC,,AGGREGATE,EXCLUDE_PHASE2,HIGH
sql/API/APINEW/API_Payroll_Detail.sql,API_Payroll_Detail,API_Payroll_Detail,View,HR_PayrollDetailTbl,WHERE,,,,NONE,"UserAutoID, DocumentID, Code, Mota, SoTien, Notes",NO,NO,NO,NO,NO,NOT_FOUND_STATIC,NOT_FOUND_STATIC,src/js/modules/hr/definitions/payroll.js,BUSINESS_ACTION,EXCLUDE_PHASE2,LOW
sql/API/APINEW/API_Payroll.sql,API_Payroll,WA_PayrollFrm,View,HR_PayrollTbl,PAY,HR_PersonTbl,LEFT JOIN,PAY.PersonID = P.PersonID,CHUA_XAC_MINH_DB,"PAY.DocumentID, PAY.DocumentDate, PAY.PeriodID, PAY.PersonID, PAY.PersonName, PAY.LuongCoBan, PAY.LuongTong, PAY.TienBuTru, PAY.SoNguoiPhuThuoc, PAY.MucDong, PAY.TongLuong, PAY.IsBH, PAY.IsHuuTri, P.PhongBan",NO,NO,NO,NO,NO,NOT_FOUND_STATIC,NOT_FOUND_STATIC,src/js/modules/hr/definitions/payroll.js,BUSINESS_ACTION,EXCLUDE_PHASE2,HIGH
sql/API/APINEW/API_QuanLyNghiLe.sql,API_QuanLyNghiLe,WA_QuanLyNghiLeFrm,View,HR_HolidayTbl,WHERE,,,,NONE,"HolidayID, HolidayDate, HolidayName, SoCong",NO,NO,NO,NO,NO,NOT_FOUND_STATIC,NOT_FOUND_STATIC,,SIMPLE_SINGLE_TABLE,CONVERT_MASTER_STAR,LOW
sql/API/APINEW/API_QuanLyNghiPhepNam_ChiTiet.sql,API_QuanLyNghiPhepNam_ChiTiet,API_QuanLyNghiPhepNam_ChiTiet,View,HR_PersonNghiPhepTbl,N,,,,NONE,"N.UserAutoID, N.PersonID, N.Nam, ISNULL(N.SoNgay, 0) AS SoNgay, N.GhiChu, ISNULL(N.PhepThamNien, 0) AS PhepThamNien, ISNULL(N.SoNgayDaSuDung, 0) AS SoNgayDaSuDung, ISNULL(N.SoNgayConLai, 0) AS SoNgayConLai, ISNULL(N.PhepTonNamTruoc, 0) AS PhepTonNamTruoc, ISNULL(N.SoNgayPhepTet, 0) AS SoNgayPhepTet, ISNULL(N.SoNgayPhepOm, 0) AS SoNgayPhepOm, N.NgayCapNhat",NO,NO,NO,NO,NO,NOT_FOUND_STATIC,NOT_FOUND_STATIC,src/js/modules/hr/definitions/leave.js,SIMPLE_SINGLE_TABLE,CONVERT_MASTER_STAR,LOW
sql/API/APINEW/API_QuanLyNghiPhepNam.sql,API_QuanLyNghiPhepNam,WA_QuanLyNghiPhepNamFrm,View,HR_PersonTbl,P,,,,NONE,"P.PersonID, P.PersonName, P.PhongBan, P.TitleName, P.ChucDanhChuyenMon, P.NgaySinh, P.CMND, P.DiaChiThuongTru, P.NgayVaoLam, P.BranchID, P.NgayHopDong, P.NationName, P.SoHopDong, P.DienThoai",NO,NO,NO,NO,YES,STATIC_REFERENCE_FOUND,NOT_FOUND_STATIC,src/js/modules/hr/definitions/leave.js,SIMPLE_SINGLE_TABLE,KEEP_EXPLICIT,HIGH
sql/API/APINEW/API_QuanLyUngVien_ChungChi.sql,API_QuanLyUngVien_ChungChi,API_QuanLyUngVien_ChungChi,View,HR_UngVienChungChiTbl,WHERE,,,,NONE,"UserAutoID, CandidateID, TenChungChi, ToChucCap, NgayCap",NO,NO,NO,NO,NO,NOT_FOUND_STATIC,NOT_FOUND_STATIC,src/js/modules/hr/definitions/employee.js,SIMPLE_SINGLE_TABLE,CONVERT_MASTER_STAR,LOW
sql/API/APINEW/API_QuanLyUngVien_HocVan.sql,API_QuanLyUngVien_HocVan,API_QuanLyUngVien_HocVan,View,HR_UngVienHocVanTbl,WHERE,,,,NONE,"UserAutoID, CandidateID, TruongDaoTao, ChuyenNganh, TuNam, DenNam, BangCap",NO,NO,NO,NO,NO,NOT_FOUND_STATIC,NOT_FOUND_STATIC,src/js/modules/hr/definitions/employee.js,SIMPLE_SINGLE_TABLE,CONVERT_MASTER_STAR,LOW
sql/API/APINEW/API_QuanLyUngVien_KinhNghiem.sql,API_QuanLyUngVien_KinhNghiem,API_QuanLyUngVien_KinhNghiem,View,HR_UngVienKinhNghiemTbl,WHERE,,,,NONE,"UserAutoID, CandidateID, CongTyCu, ViTriCongTac, TuThangNam, DenThangNam, MoTaCongViec",NO,NO,NO,NO,NO,NOT_FOUND_STATIC,NOT_FOUND_STATIC,src/js/modules/hr/definitions/employee.js,SIMPLE_SINGLE_TABLE,CONVERT_MASTER_STAR,LOW
sql/API/APINEW/API_QuanLyUngVien_PhongVan.sql,API_QuanLyUngVien_PhongVan,API_QuanLyUngVien_PhongVan,View,HR_UngVienPhongVanTbl,WHERE,,,,NONE,"UserAutoID, CandidateID, VongPhongVan, NgayPhongVan, NguoiPhongVan, KetQuaVong, NhanXetChiTiet",NO,NO,NO,NO,NO,NOT_FOUND_STATIC,NOT_FOUND_STATIC,src/js/modules/hr/definitions/employee.js,SIMPLE_SINGLE_TABLE,CONVERT_MASTER_STAR,LOW
sql/API/APINEW/API_QuanLyUngVien.sql,API_QuanLyUngVien,WA_DanhSachUngVienFrm,View,HR_UngVienTbl,WHERE,,,,NONE,"CandidateID, FullName, NgaySinh, GioiTinh, SoCCCD, NgayCap, NoiCap, TinhTrangHonNhan, SoDienThoai, Email, DiaChiThuongTru, DiaChiHienTai, LinkedIn, ViTriUngTuyen, PhongBan, NguonUngTuyen, NgayUngTuyen, MucLuongMongMuon, NgayCoTheDiLam, KyNangChuyenMon, KyNangMem, NgoaiNgu, TinHoc, TrangThaiHR, DiemDanhGia, NhanXetHR, NguoiPhuTrach, KetQuaCuoiCung, MucLuongDeXuat, NgayOnboard, GhiChuChung, UserCreate, DateCreate",NO,NO,NO,NO,YES,NOT_FOUND_STATIC,NOT_FOUND_STATIC,src/js/modules/hr/definitions/employee.js,SIMPLE_SINGLE_TABLE,KEEP_EXPLICIT,HIGH
sql/API/APINEW/API_UngVienAttach.sql,API_CandidateAttach_SaveAvatar,,,HR_CandidateAttachTbl,WHERE,,,,NONE,"-1 AS code, N'Lỗi: Không tìm thấy mã ứng viên!' AS msg; RETURN; END IF @FileType = 1 BEGIN DECLARE @ExistingID VARCHAR(50); SELECT TOP 1 @ExistingID = UserAutoID",NO,NO,NO,NO,NO,NOT_FOUND_STATIC,NOT_FOUND_STATIC,,ATTACHMENT,EXCLUDE_PHASE2,LOW
sql/API/APINEW/API_XuLyChamCongHangNgay.sql,API_XuLyChamCongHangNgay,WA_TimeSheetDayFrm,View,HR_TimeSheetDayTbl,ORDER,HR_PersonView,LEFT JOIN,T.PersonID = P.PersonID,CHUA_XAC_MINH_DB,TOP 1 @PeriodID = PeriodID,NO,NO,NO,NO,NO,STATIC_REFERENCE_FOUND,NOT_FOUND_STATIC,,BUSINESS_ACTION,EXCLUDE_PHASE2,HIGH
sql/API/APINEW/TinhBHStp.sql,TinhBHStp,WA_BaoHiemFrm_Calculate,View,HR_BangThamSoTbl,WHERE,,,,NONE,"TOP 1 @BHXHNLD = ISNULL(BHXHNLD, 8.0), @BHXHCTY = ISNULL(BHXHCTY, 17.5), @BHYTNLD = ISNULL(BHYTNLD, 1.5), @BHYTCTY = ISNULL(BHYTCTY, 3.0), @BHTNNLD = ISNULL(BHTNNLD, 1.0), @BHTNCTY = ISNULL(BHTNCTY, 1.0)",NO,NO,NO,NO,NO,NOT_FOUND_STATIC,NOT_FOUND_STATIC,,BUSINESS_ACTION,EXCLUDE_PHASE2,LOW
sql/API/APINEW/WA_BaoHiem_PersonLookup.sql,WA_BaoHiem_PersonLookup,WA_BaoHiemFrm_PersonID,View,HR_BaoHiemTbl,WHERE,HR_BaoHiemTbl,INNER JOIN,H.DocumentID = CT.DocumentID,CHUA_XAC_MINH_DB,"TOP 1 @BranchID = CASE WHEN @BranchID = '' THEN ISNULL(BranchID, '') ELSE @BranchID END, @LoaiBaoHiem = CASE WHEN @LoaiBaoHiem = '' THEN ISNULL(LoaiBaoHiem, '') ELSE @LoaiBaoHiem END",NO,NO,NO,NO,NO,STATIC_REFERENCE_FOUND,NOT_FOUND_STATIC,,BUSINESS_ACTION,EXCLUDE_PHASE2,HIGH
sql/API/APINEW/WA_BaoHiemFrm_Save.sql,WA_BaoHiemFrm_Save,WA_BaoHiemFrm,Save,,,,,,NONE,,NO,NO,NO,NO,NO,NOT_FOUND_STATIC,NOT_FOUND_STATIC,,BUSINESS_ACTION,EXCLUDE_PHASE2,LOW
sql/API/Combined_API.sql,API_BangChamCongTongHop,WA_TimeSheetFrm,View,HR_TimeSheetTbl,t,HR_PersonTbl,LEFT JOIN,t.PersonID = p.PersonID,CHUA_XAC_MINH_DB,"t.PeriodID, t.PersonID, p.PersonName, p.PhongBan, t.DocumentDate, t.SoNgayThang, t.SoNgayDiLam, t.SoNgayLe, t.TangCa, t.SoNgayCongTac, t.CongPhep, t.NghiPhep, t.NghiKhongPhep, t.GhiChu",NO,NO,NO,NO,NO,NOT_FOUND_STATIC,NOT_FOUND_STATIC,,JOINED_MASTER,REWRITE_SAFE_JOIN,HIGH
sql/API/Combined_API.sql,API_BangPhuCap,WA_BangPhuCapFrm,View,HR_BangPhuCapTbl,WHERE,,,,NONE,"MaPhuCap, TenPhuCap, NhomPhuCap, TienPhuCapNgay, TienPhuCapThang, GhiChu, DVT, UserCreate, UserUpdate, DateUpdate, DateCreate",NO,NO,NO,NO,NO,NOT_FOUND_STATIC,NOT_FOUND_STATIC,src/js/modules/hr/definitions/payroll.js,SIMPLE_SINGLE_TABLE,CONVERT_MASTER_STAR,LOW
sql/API/Combined_API.sql,API_BangPhuCap_Detail,API_BangPhuCap_Detail,View,HR_PersonAllowanceTbl,A,HR_PersonTbl,LEFT JOIN,A.PersonID = P.PersonID,CHUA_XAC_MINH_DB,"A.UserAutoID, A.MaPhuCap, A.PersonID, P.PersonName, P.PhongBan, P.TitleName, A.GhiChu, A.NoiDungPhuCap",NO,NO,NO,NO,NO,NOT_FOUND_STATIC,NOT_FOUND_STATIC,src/js/modules/hr/definitions/payroll.js,JOINED_MASTER,REWRITE_SAFE_JOIN,HIGH
sql/API/Combined_API.sql,API_BangThamSo,WA_BangThamSoFrm,View,HR_BangThamSoTbl,WHERE,,,,NONE,"PeriodID AS [PeriodID], LoaiBaoHiem AS [LoaiBaoHiem], CONCAT(PeriodID, '_', LoaiBaoHiem) AS [KeyID], UserAutoID AS [UserAutoID], BHXHNLD AS [BHXHNLD], BHXHCTY AS [BHXHCTY], BHYTNLD AS [BHYTNLD], BHYTCTY AS [BHYTCTY], BHTNNLD AS [BHTNNLD], BHTNCTY AS [BHTNCTY]",NO,NO,NO,NO,NO,NOT_FOUND_STATIC,NOT_FOUND_STATIC,,SIMPLE_SINGLE_TABLE,CONVERT_MASTER_STAR,LOW
sql/API/Combined_API.sql,API_BangThueTNCN,WA_BangThueTNCNFrm,View,HR_BangThueTNCNTbl,ORDER,,,,NONE,"Bac, Tu, Den, ThueSuat",NO,NO,NO,NO,NO,NOT_FOUND_STATIC,NOT_FOUND_STATIC,src/js/config/Phase2MigrationRegistry.js,SIMPLE_SINGLE_TABLE,CONVERT_MASTER_STAR,LOW
sql/API/Combined_API.sql,API_BaoCaoChamCong,,,HR_TimeSheetTbl,t,HR_PersonTbl,LEFT JOIN,t.PersonID = p.PersonID,CHUA_XAC_MINH_DB,"t.PeriodID, t.PersonID, p.PersonName, p.PhongBan, t.DocumentDate, t.SoNgayThang, t.SoNgayDiLam, t.SoNgayLe, t.TangCa, t.SoNgayCongTac, t.CongPhep, t.NghiPhep, t.NghiKhongPhep, t.GhiChu",NO,NO,NO,NO,NO,NOT_FOUND_STATIC,NOT_FOUND_STATIC,,REPORT,EXCLUDE_PHASE2,HIGH
sql/API/Combined_API.sql,API_BaoCaoChamCongChiTiet,WA_TimeSheetCTReport,View,HR_TimeSheetDayTbl,ORDER,HR_PersonTbl,LEFT JOIN,T.PersonID = P.PersonID,CHUA_XAC_MINH_DB,TOP 1 @PeriodID = PeriodID,NO,NO,NO,NO,NO,STATIC_REFERENCE_FOUND,NOT_FOUND_STATIC,,REPORT,EXCLUDE_PHASE2,HIGH
sql/API/Combined_API.sql,API_BaoCaoChamCongTongHop,WA_TimeSheetReport|WA_TimeSheetTH2Report,View|View,HR_TimeSheetTbl,ORDER,HR_NghiPhepDetailTbl|HR_HolidayTbl|CTE_TongNghi|CTE_CongLe|HR_HinhThucNghiListTbl|HR_TimeSheetDayTbl|NghiPhep|HR_PersonTbl|HR_DepartmentListTbl|HR_PersonNghiPhepTbl|CongLe|LuongKhoan|CongDiLamHopLe|CongNghiCoLuong|CongNghiHieuHy|CongNghiPhepBuLe|CongNghiKhongPhep,INNER JOIN|LEFT JOIN,M.DocumentID = DT.DocumentID | CAST(H.HolidayDate AS DATE) BETWEEN @FromDate AND @ToDate | NP.PersonID = TS.PersonID | CL.PersonID = TS.PersonID | M.DocumentID = DT.DocumentID | HTN.HinhThucNghi = NP.HinhThucNghiThucTe | PE.PersonID = D.PersonID AND CAST(D.Ngay AS DATE) = F.Ngay AND D.PeriodID = @PeriodID | PE.PersonID = NP.PersonID AND NP.Ngay = F.Ngay | CAST(H.HolidayDate AS DATE) = F.Ngay | CAST(H.HolidayDate AS DATE) BETWEEN @FromDate AND @ToDate | TS.PersonID = P.PersonID | P.PhongBan = DP.PhongBan | TS.PersonID = D.PersonID AND CAST(D.Ngay AS DATE) = N.Ngay AND D.PeriodID = TS.PeriodID | TS.PersonID = NP.PersonID AND NP.Ngay = N.Ngay | CAST(H.HolidayDate AS DATE) = N.Ngay | TS.PersonID = NPYear.PersonID AND NPYear.Nam = YEAR(@FromDate) | CL.PersonID = TS.PersonID AND CL.PeriodID = TS.PeriodID | LK.PersonID = TS.PersonID | CDL.PersonID = TS.PersonID | CNL.PersonID = TS.PersonID | CHH.PersonID = TS.PersonID | CBL.PersonID = TS.PersonID | CKP.PersonID = TS.PersonID,CHUA_XAC_MINH_DB,TOP 1 @PeriodID = PeriodID,NO,YES,YES,NO,NO,STATIC_REFERENCE_FOUND,NOT_FOUND_STATIC,,REPORT,EXCLUDE_PHASE2,HIGH
sql/API/Combined_API.sql,API_BaoCaoLuong,WA_BaoCaoLuongReport,View,HR_TimeSheetTbl,ORDER,HR_HolidayTbl|HR_PersonTbl|#ChamCongGom|#DetailPivot,LEFT JOIN,CAST(H.HolidayDate AS DATE) = CAST(TS.DocumentDate AS DATE) | P.PersonID = PR.PersonID | CC.PersonID = PR.PersonID AND CC.PeriodID = PR.PeriodID | DV.DocumentID = PR.DocumentID,CHUA_XAC_MINH_DB,TOP 1 @PeriodID = PeriodID,NO,YES,NO,NO,NO,STATIC_REFERENCE_FOUND,NOT_FOUND_STATIC,,REPORT,EXCLUDE_PHASE2,HIGH
sql/API/Combined_API.sql,API_BaoCaoNghiPhepReportStp,WA_BaoCaoNghiPhepReport,View,HR_TimeSheetTbl,ORDER,HR_NghiPhepDetailTbl|HR_PersonNghiPhepTbl|MonthlyLeave_CTE,INNER JOIN|LEFT JOIN,M.DocumentID = DT.DocumentID | PE.PersonID = p.PersonID AND p.Nam = @NamBC | PE.PersonID = m.PersonID,CHUA_XAC_MINH_DB,TOP 1 @PeriodID = PeriodID,NO,YES,NO,NO,NO,STATIC_REFERENCE_FOUND,NOT_FOUND_STATIC,,REPORT,EXCLUDE_PHASE2,HIGH
sql/API/Combined_API.sql,API_BaoCaoNhanSuReportStp,WA_BaoCaoNhanSuReport,View,HR_PersonTbl,WHERE,HR_BaoHiemTbl|HR_PersonStatusTbl,INNER JOIN|LEFT JOIN,BH.DocumentID = CT.DocumentID | PS.PersonStatus = P.PersonStatus | BH.DocumentID = CT.DocumentID | BH.DocumentID = CT.DocumentID,CHUA_XAC_MINH_DB,@SoLuongTang = COUNT(1),NO,YES,NO,NO,YES,STATIC_REFERENCE_FOUND,NOT_FOUND_STATIC,,REPORT,EXCLUDE_PHASE2,HIGH
sql/API/Combined_API.sql,API_BaoHiem,WA_BaoHiemFrm,View,HR_BaoHiemTbl,BH,,,,NONE,"BH.DocumentID, BH.DocumentDate, BH.Notes, BH.PeriodID, BH.LoaiBaoHiem, BH.BranchID, CONCAT(BH.PeriodID, '_', BH.LoaiBaoHiem) AS PeriodKeyID, BH.UserCreate, BH.UserUpdate, BH.DateUpdate, BH.DateCreate",NO,NO,NO,NO,NO,STATIC_REFERENCE_FOUND,NOT_FOUND_STATIC,src/js/modules/hr/definitions/payroll.js,BUSINESS_ACTION,EXCLUDE_PHASE2,LOW
sql/API/Combined_API.sql,API_BaoHiem_Detail,API_BaoHiem_Detail,View,HR_BaoHiemChiTietTbl,CT,HR_PersonTbl|HR_HopDongTbl,LEFT JOIN,CT.PersonID = P.PersonID | CT.PersonID = H.PersonID,CHUA_XAC_MINH_DB,"CT.UserAutoID, CT.DocumentID, CT.PersonID, P.PersonName, P.PhongBan, P.TitleName, ISNULL(H.ChucDanhChuyenMonHD, P.ChucDanhChuyenMon) AS ChucDanhChuyenMon, CT.MucDong, CT.MucDongBHXHNLD, CT.MucDongBHXHNSDLD, CT.MucDongBHYTNLD, CT.MucDongBHYTNSDLD, CT.MucDongBHTNNLD, CT.MucDongBHTNNSDLD, CT.GhiChu",NO,NO,NO,NO,NO,NOT_FOUND_STATIC,NOT_FOUND_STATIC,src/js/modules/hr/definitions/payroll.js,BUSINESS_ACTION,EXCLUDE_PHASE2,HIGH
sql/API/Combined_API.sql,API_BaoHiem_PersonLookup,WA_BaoHiemFrm_PersonID,View,HR_PersonTbl,P,HR_BaoHiemTbl,INNER JOIN,H.DocumentID = CT.DocumentID,CHUA_XAC_MINH_DB,"P.PersonID, P.PersonName, P.PhongBan, ISNULL(BH.MucDong, 0) AS MucDong, CASE WHEN BH.PersonID IS NOT NULL THEN N'!!! ÄÃƒ CÃ“ BH Táº I Ká»²: ' + CAST(BH.PeriodID AS VARCHAR) + N' (Chá»©ng tá»«: ' + BH.DocumentID + ')' ELSE '' END AS CanhBao",NO,YES,NO,NO,NO,STATIC_REFERENCE_FOUND,NOT_FOUND_STATIC,,BUSINESS_ACTION,EXCLUDE_PHASE2,HIGH
sql/API/Combined_API.sql,API_CaLamViec,WA_CaLamViecFrm,View,HR_SapCaTbl,WHERE,,,,NONE,"SapCaID, TenBangCa, TuNgay, DenNgay, Thu2, Thu3, Thu4, Thu5, Thu6, Thu7, ChuNhat, ShiftIDThu2, ShiftIDThu3, ShiftIDThu4, ShiftIDThu5, ShiftIDThu6, ShiftIDThu7, ShiftIDChuNhat",NO,NO,NO,NO,NO,NOT_FOUND_STATIC,NOT_FOUND_STATIC,src/js/modules/hr/definitions/attendance.js,SIMPLE_SINGLE_TABLE,CONVERT_MASTER_STAR,LOW
sql/API/Combined_API.sql,API_CaLamViec_ChiTiet,API_CaLamViec_ChiTiet,View,HR_SapCaChiTietTbl,CT,HR_PersonTbl|HR_ShiftListTbl,LEFT JOIN,P.PersonID = CT.PersonID | SL.ShiftID = CT.ShiftID,CHUA_XAC_MINH_DB,"CT.UserAutoID, CT.SapCaID, CT.PersonID, P.PersonName, P.PhongBan, CONVERT(NVARCHAR(10), CT.NgayLamViec, 103) AS NgayLamViec, CT.ShiftID, SL.ShiftName, CT.TrangThaiThucTe, CT.GhiChu",NO,NO,NO,NO,NO,NOT_FOUND_STATIC,NOT_FOUND_STATIC,src/js/modules/hr/definitions/attendance.js,JOINED_MASTER,REWRITE_SAFE_JOIN,HIGH
sql/API/Combined_API.sql,API_CaLamViec_NhanVien,API_CaLamViec_NhanVien,View,HR_SapCaNhanVienTbl,NV,HR_PersonTbl,LEFT JOIN,P.PersonID = NV.PersonID,CHUA_XAC_MINH_DB,"NV.UserAutoID, NV.SapCaID, NV.PersonID, P.PersonName, P.PhongBan, P.BranchID, NV.GhiChu",NO,NO,NO,NO,NO,STATIC_REFERENCE_FOUND,NOT_FOUND_STATIC,src/js/modules/hr/definitions/attendance.js,JOINED_MASTER,REWRITE_SAFE_JOIN,HIGH
sql/API/Combined_API.sql,API_Calculate_MucDong_CongDoan,API_Calculate_MucDong_CongDoan,View,HR_PersonView,PV,HR_BaoHiemChiTietTbl|HR_HopDongTbl,LEFT JOIN,PV.PersonID = BHCT.PersonID | PV.PersonID = HD.PersonID,CHUA_XAC_MINH_DB,"PV.PersonID, PV.PersonName, BHCT.MucDong, ISNULL(HD.ChucDanhChuyenMonHD, PV.ChucDanhChuyenMon) AS ChucDanhChuyenMon, PV.BranchID, CAST(ISNULL(BHCT.MucDong, 0) * 0.02 AS DECIMAL(18,2)) AS KinhPhiNopCongDoanVN, CAST(ISNULL(BHCT.MucDong, 0) * 0.02 * 0.25 AS DECIMAL(18,2)) AS CongDoanVN, CAST(ISNULL(BHCT.MucDong, 0) * 0.02 * 0.75 AS DECIMAL(18,2)) AS CongDoanCTY",NO,NO,NO,NO,NO,STATIC_REFERENCE_FOUND,NOT_FOUND_STATIC,,BUSINESS_ACTION,EXCLUDE_PHASE2,HIGH
sql/API/Combined_API.sql,API_CandidateAttach_SaveAvatar,,,HR_CandidateAttachTbl,WHERE,,,,NONE,"-1 AS code, N'Lá»—i: KhÃ´ng tÃ¬m tháº¥y mÃ£ á»©ng viÃªn!' AS msg; RETURN; END IF @FileType = 1 BEGIN DECLARE @ExistingID VARCHAR(50); SELECT TOP 1 @ExistingID = UserAutoID",NO,NO,NO,NO,NO,NOT_FOUND_STATIC,NOT_FOUND_STATIC,,ATTACHMENT,EXCLUDE_PHASE2,LOW
sql/API/Combined_API.sql,API_ComboFormatID,,,#TempFormat,WHERE,,,,NONE,"* INTO #TempFormat FROM ( VALUES ('t', N'VÄƒn báº£n (Text)'), ('n', N'Sá»‘ (Number)'), ('dt', N'NgÃ y (Date)'), ('sw', N'Báº­t/Táº¯t (Switch)'), ('sl', N'Danh sÃ¡ch chá»n (Select)') ) AS FormatList(MaDinhDang, TenDinhDang) SELECT MaDinhDang, TenDinhDang",YES,NO,NO,YES,NO,NOT_FOUND_STATIC,NOT_FOUND_STATIC,,ATTACHMENT,BLOCKED,CRITICAL
sql/API/Combined_API.sql,API_ComboFormPosition,,,#TempPos,WHERE,,,,NONE,"* INTO #TempPos FROM ( VALUES ('12', N'Äáº§y Ä‘á»§ 100% (Full)'), ('6', N'Má»™t ná»­a 50% (Half)'), ('4', N'1/3 Chiá»u rá»™ng'), ('3', N'1/4 Chiá»u rá»™ng') ) AS PosList(MaViTri, TenViTri) SELECT MaViTri, TenViTri",YES,NO,NO,NO,NO,NOT_FOUND_STATIC,NOT_FOUND_STATIC,,LOOKUP,EXCLUDE_PHASE2,MEDIUM
sql/API/Combined_API.sql,API_ComboPersonStatus,API_ComboPersonStatus,View,HR_PersonStatusTbl,WHERE,,,,NONE,"PersonStatus AS [MÃ£], PersonStatusName AS [TÃªn]",NO,NO,NO,NO,NO,NOT_FOUND_STATIC,NOT_FOUND_STATIC,src/js/core/WizardForm.js|src/js/modules/hr/definitions/contract.js|src/js/modules/hr/definitions/employee.js,LOOKUP,EXCLUDE_PHASE2,LOW
sql/API/Combined_API.sql,API_DanhSachBangCap,WA_BangCapListFrm,View,HR_BangCapTbl,WHERE,,,,NONE,"MaBangCap, TenBangCap",NO,NO,NO,NO,NO,NOT_FOUND_STATIC,NOT_FOUND_STATIC,,SIMPLE_SINGLE_TABLE,CONVERT_MASTER_STAR,LOW
sql/API/Combined_API.sql,API_DanhSachBenhVien,WA_HospitalListFrm,View,HR_HospitalListTbl,WHERE,,,,NONE,"STT, HospitalName, [Address], GhiChu",NO,NO,NO,NO,YES,NOT_FOUND_STATIC,NOT_FOUND_STATIC,,SIMPLE_SINGLE_TABLE,KEEP_EXPLICIT,HIGH
sql/API/Combined_API.sql,API_DanhSachBoPhan,API_DanhSachBoPhan|HR_DepartmentListTbl,View|View,HR_DepartmentListTbl,WHERE,,,,NONE,"PhongBan, TenPhongBan",NO,NO,NO,NO,NO,NOT_FOUND_STATIC,NOT_FOUND_STATIC,,SIMPLE_SINGLE_TABLE,CONVERT_MASTER_STAR,LOW
sql/API/Combined_API.sql,API_DanhSachCaLamViec,WA_ShiftListFrm,View,HR_ShiftListTbl,WHERE,,,,NONE,"STT, ShiftID, ShiftName, GioBatDau, GioKetThuc, SoGioCong, GioCaDem, CaTuDong, ShiftType, CachChamCong, Color, SoCong",NO,NO,NO,NO,NO,NOT_FOUND_STATIC,NOT_FOUND_STATIC,,SIMPLE_SINGLE_TABLE,CONVERT_MASTER_STAR,LOW
sql/API/Combined_API.sql,API_DanhSachCaLamViecChiNhanh,HR_ShiftListCNFrm|WA_ShiftListCNFrm,View|View,HR_ShiftListCNTbl,WHERE,,,,NONE,"BranchID, ShiftID, ShiftName, LoaiCa, CachChamCong, GioVaoDoan1, GioRaDoan1, GioVaoDoan2, GioRaDoan2, GioVaoThang, GioRaThang, IsCaDem, SoGioCong, SoCong, GhiChu, UserCreate, DateCreate, UserUpdate, DateUpdate",NO,NO,NO,NO,NO,STATIC_REFERENCE_FOUND,NOT_FOUND_STATIC,,SIMPLE_SINGLE_TABLE,CONVERT_MASTER_STAR,LOW
sql/API/Combined_API.sql,API_DanhSachChiNhanh,CF_BranchListFrm,View,CF_BranchTbl,WHERE,,,,NONE,"BranchID, BranchName",NO,NO,NO,NO,NO,STATIC_REFERENCE_FOUND,NOT_FOUND_STATIC,src/js/modules/hr/actions/timesheet-actions.js,SIMPLE_SINGLE_TABLE,CONVERT_MASTER_STAR,LOW
sql/API/Combined_API.sql,API_DanhSachChucDanh,API_DanhSachChucDanh|WA_ChucDanhFrm,View|View,HR_ChucDanhTbl,WHERE,,,,NONE,"ChucDanhChuyenMon, MoTa",NO,NO,NO,NO,NO,NOT_FOUND_STATIC,NOT_FOUND_STATIC,,SIMPLE_SINGLE_TABLE,CONVERT_MASTER_STAR,LOW
sql/API/Combined_API.sql,API_DanhSachChucVu,API_DanhSachChucVu,View,HR_TitleListTbl,WHERE,,,,NONE,"TitleName, GhiChu",NO,NO,NO,NO,NO,NOT_FOUND_STATIC,NOT_FOUND_STATIC,,SIMPLE_SINGLE_TABLE,CONVERT_MASTER_STAR,LOW
sql/API/Combined_API.sql,API_DanhSachCongViec,WA_JobListFrm,View,HR_JobListTbl,WHERE,,,,NONE,"STT, JobName, GhiChu",NO,NO,NO,NO,NO,NOT_FOUND_STATIC,NOT_FOUND_STATIC,,SIMPLE_SINGLE_TABLE,CONVERT_MASTER_STAR,LOW
sql/API/Combined_API.sql,API_DanhSachDanToc,WA_PeopleListFrm,View,HR_PeoplesListTbl,WHERE,,,,NONE,"STT, PeoplesName, PeoplesName2, PeoplesPlace, isDefault, GhiChu",NO,NO,NO,NO,NO,NOT_FOUND_STATIC,NOT_FOUND_STATIC,,SIMPLE_SINGLE_TABLE,CONVERT_MASTER_STAR,LOW
sql/API/Combined_API.sql,API_DanhSachHinhThucNghi,WA_HinhThucNghiListFrm,View,HR_HinhThucNghiListTbl,WHERE,,,,NONE,"HinhThucNghi, TenHinhThucNghi, NghiCoLuong",NO,NO,NO,NO,NO,NOT_FOUND_STATIC,NOT_FOUND_STATIC,,SIMPLE_SINGLE_TABLE,CONVERT_MASTER_STAR,LOW
sql/API/Combined_API.sql,API_DanhSachHocVan,WA_BangCapListFrm,View,HR_EducationListTbl,WHERE,,,,NONE,"EducationName, GhiChu",NO,NO,NO,NO,NO,NOT_FOUND_STATIC,NOT_FOUND_STATIC,,SIMPLE_SINGLE_TABLE,CONVERT_MASTER_STAR,LOW
sql/API/Combined_API.sql,API_DanhSachLoaiHD,WA_DanhSachLoaiHD,View,HR_PersonView,WHERE,,,,NONE,DISTINCT LoaiHD,NO,NO,NO,NO,NO,NOT_FOUND_STATIC,NOT_FOUND_STATIC,,SIMPLE_SINGLE_TABLE,CONVERT_MASTER_STAR,LOW
sql/API/Combined_API.sql,API_DanhSachNganHang,WA_BankListFrm,View,HR_BankListTbl,WHERE,,,,NONE,"STT, BankName, [Address], GhiChu",NO,NO,NO,NO,YES,NOT_FOUND_STATIC,NOT_FOUND_STATIC,,SIMPLE_SINGLE_TABLE,KEEP_EXPLICIT,HIGH
sql/API/Combined_API.sql,API_DanhSachNgheNghiep,WA_CareerlListFrm,View,HR_CareerListTbl,WHERE,,,,NONE,"STT, CareerName, GhiChu",NO,NO,NO,NO,NO,NOT_FOUND_STATIC,NOT_FOUND_STATIC,,SIMPLE_SINGLE_TABLE,CONVERT_MASTER_STAR,LOW
sql/API/Combined_API.sql,API_DanhSachQuocGia,WA_NationListFrm,View,HR_NationListTbl,WHERE,,,,NONE,"STT, NationName, isDefault, GhiChu",NO,NO,NO,NO,NO,NOT_FOUND_STATIC,NOT_FOUND_STATIC,,SIMPLE_SINGLE_TABLE,CONVERT_MASTER_STAR,LOW
sql/API/Combined_API.sql,API_DanhSachTaiKhoan,,,SY_User,WHERE,,,,NONE,"UserName, HoTen, UserGroupID, BranchID, Disable, EmployeeID, Manager",NO,NO,NO,NO,NO,STATIC_REFERENCE_FOUND,NOT_FOUND_STATIC,,UNKNOWN,BLOCKED,CRITICAL
sql/API/Combined_API.sql,API_DanhSachTinhThanh,WA_ProvinceListFrm,View,HR_ProvineListTbl,WHERE,,,,NONE,"STT, ProvineName, TownShip, GhiChu",NO,NO,NO,NO,NO,NOT_FOUND_STATIC,NOT_FOUND_STATIC,,SIMPLE_SINGLE_TABLE,CONVERT_MASTER_STAR,LOW
sql/API/Combined_API.sql,API_DanhSachTonGiao,WA_ReligionListFrm,View,HR_ReligionListTbl,WHERE,,,,NONE,"STT, ReligionName, GhiChu",NO,NO,NO,NO,NO,NOT_FOUND_STATIC,NOT_FOUND_STATIC,,SIMPLE_SINGLE_TABLE,CONVERT_MASTER_STAR,LOW
sql/API/Combined_API.sql,API_DanhSachToNhom,,,HR_WorkingGroupListTbl,WHERE,,,,NONE,"STT, WorkingGroupName, GhiChu",NO,NO,NO,NO,NO,NOT_FOUND_STATIC,NOT_FOUND_STATIC,,SIMPLE_SINGLE_TABLE,CONVERT_MASTER_STAR,LOW
sql/API/Combined_API.sql,API_DanhSachTruongGiaoDien,,,SY_FormatFields,ff,SY_FrmLstTbl,LEFT JOIN,ff.FormName = l.FormID,CHUA_XAC_MINH_DB,"ff.AutoID, ff.FormName, ff.FieldName, ff.CaptionVN, ff.FormatID, ff.CaptionEN, ff.DataSource, ff.IsRequired, ff.FormPosition, ff.ValidateRule, ff.DependsOn, ff.VisibleRule, ff.OrderNo, ISNULL(ff.ShowInAdd, 1) AS ShowInAdd, ISNULL(ff.ShowInEdit, 1) AS ShowInEdit, ISNULL(ff.IsReadOnlyEdit, 0) AS IsReadOnlyEdit, ISNULL(ff.IsReadOnlyAdd, 0) AS IsReadOnlyAdd, ISNULL(ff.ShowInFilter, 0) AS ShowInFilter",NO,NO,NO,NO,NO,NOT_FOUND_STATIC,NOT_FOUND_STATIC,src/components/rule-builder/RuleBuilderDialog.js,JOINED_MASTER,REWRITE_SAFE_JOIN,HIGH
sql/API/Combined_API.sql,API_DanhSachViTri,,,HR_PostionListTbl,WHERE,,,,NONE,"STT, PostionName, GhiChu",NO,NO,NO,NO,NO,NOT_FOUND_STATIC,NOT_FOUND_STATIC,,SIMPLE_SINGLE_TABLE,CONVERT_MASTER_STAR,LOW
sql/API/Combined_API.sql,API_DongBoQuyenTruyCap,,,SY_UserGroup,,,,,NONE,UserGroupID,NO,NO,NO,NO,NO,NOT_FOUND_STATIC,STATIC_REFERENCE_FOUND,,MULTI_RESULT,EXCLUDE_PHASE2,LOW
sql/API/Combined_API.sql,API_DongBoTruongGiaoDien,,,sys,,,,,NONE,"name, system_type_name, column_ordinal",YES,NO,NO,NO,NO,NOT_FOUND_STATIC,NOT_FOUND_STATIC,src/js/utils/FormBuilderPlugin.js,MULTI_RESULT,EXCLUDE_PHASE2,MEDIUM
sql/API/Combined_API.sql,API_Dropdown_ReportTemplates,API_Dropdown_ReportTemplates,View,WA_API,WHERE,,,,NONE,"'HR_BaoCaoNhansu2Report' AS [value], N'BÃ¡o cÃ¡o nhÃ¢n sá»± tá»•ng há»£p' AS [label] UNION ALL SELECT 'HR_BaoCaoNhanSuNVNReport', N'BÃ¡o cÃ¡o nhÃ¢n sá»± NVN' UNION ALL SELECT 'HR_BaoCaoNhanSuNNNReport', N'BÃ¡o cÃ¡o nhÃ¢n sá»± NNN' UNION ALL SELECT 'HR_BaoCaoNhanSuThieuHDReport', N'BÃ¡o cÃ¡o nhÃ¢n sá»± thiáº¿u HÄLÄ' UNION ALL SELECT 'HR_BaoCaoNhanSuThieuBHReport', N'BÃ¡o cÃ¡o nhÃ¢n sá»± thiáº¿u BH'; END GO PRINT 'Da tao SP API_Dropdown_ReportTemplates thanh cong!'; GO DELETE",NO,NO,YES,NO,NO,NOT_FOUND_STATIC,NOT_FOUND_STATIC,,REPORT,EXCLUDE_PHASE2,HIGH
sql/API/Combined_API.sql,API_Gateway_Router,,,WA_API,WHERE,,,,NONE,"@TargetStore = LTRIM(RTRIM([SQL])), @ParaTemplate = LTRIM(RTRIM(ISNULL(Para, '')))",NO,NO,NO,NO,NO,STATIC_REFERENCE_FOUND,NOT_FOUND_STATIC,src/js/core/AppConfig.js|src/js/core/WizardForm.js|src/js/utils/FormBuilderPlugin.js|src/pages/dashboard/dashboard.js,MULTI_RESULT,EXCLUDE_PHASE2,LOW
sql/API/Combined_API.sql,API_HopDongLaoDong,WA_HopDongLaoDongFrm,View,HR_HopDongTbl,H,HR_PersonTbl|HR_PersonStatusTbl,LEFT JOIN,H.PersonID = P.PersonID | H.PersonStatus = S.PersonStatus,CHUA_XAC_MINH_DB,"H.MaHopDong, H.PersonID, P.PersonName AS PersonName, H.NgayKyHopDong, H.NoiDung, H.LoaiHopDong, H.ThoiGianLamViec, H.NgayCoHieuLuc, H.NgayHetHieuLuc, H.PhuongTien, H.HinhThucTraLuong, H.LuongCoBan, H.NguoiKy, H.ChucDanhChuyenMonHD, H.ChucVuNguoiKy, H.DiaDiemLamViec, H.PersonStatus, S.PersonStatusName, H.UserCreate, H.UserUpdate, H.DateUpdate, H.DateCreate, H.LoaiTien, H.NamLap, H.LoaiHD, H.MucDong, H.ThoiGianThuViec, P.BranchID, P.CMND, P.CMNDNgayCap, P.CMNDNoiCap, P.DiaChiThuongTru",NO,NO,NO,NO,YES,STATIC_REFERENCE_FOUND,NOT_FOUND_STATIC,src/js/modules/hr/definitions/contract.js,JOINED_MASTER,REWRITE_SAFE_JOIN,HIGH
sql/API/Combined_API.sql,API_HopDongLaoDong_Attach,API_HopDongLaoDong_Attach,View,HR_HopDongAttachTbl,WHERE,,,,NONE,"UserAutoID, MaHopDong, FileName, FileType, STT, FileSize, Content",NO,NO,NO,YES,NO,NOT_FOUND_STATIC,NOT_FOUND_STATIC,src/js/modules/hr/definitions/contract.js,ATTACHMENT,BLOCKED,CRITICAL
sql/API/Combined_API.sql,API_HopDongLaoDong_ChiTiet,API_HopDongLaoDong_ChiTiet,View,HR_HopDongDetailTbl,D,HR_BangPhuCapTbl,LEFT JOIN,D.MaPhuCap = P.MaPhuCap,CHUA_XAC_MINH_DB,"D.UserAutoID, D.MaHopDong, D.MaPhuCap, ISNULL(D.TenPhuCap, P.TenPhuCap) AS TenPhuCap, D.TienPhuCap, P.TienPhuCapNgay, P.TienPhuCapThang, D.GhiChu",NO,NO,NO,NO,NO,NOT_FOUND_STATIC,NOT_FOUND_STATIC,src/js/modules/hr/definitions/contract.js,JOINED_MASTER,REWRITE_SAFE_JOIN,HIGH
sql/API/Combined_API.sql,API_HopDongLaoDong_LoaiHD,API_HopDongLaoDong_LoaiHD,View,HR_HopDongTbl,WHERE,,,,NONE,DISTINCT LoaiHD,NO,NO,NO,NO,NO,NOT_FOUND_STATIC,NOT_FOUND_STATIC,src/js/modules/hr/definitions/contract.js,SIMPLE_SINGLE_TABLE,CONVERT_MASTER_STAR,LOW
sql/API/Combined_API.sql,API_HopDongLaoDong_NamLap,API_HopDongLaoDong_NamLap,View,HR_HopDongTbl,WHERE,,,,NONE,DISTINCT NamLap,NO,NO,NO,NO,NO,NOT_FOUND_STATIC,NOT_FOUND_STATIC,src/js/modules/hr/definitions/contract.js,SIMPLE_SINGLE_TABLE,CONVERT_MASTER_STAR,LOW
sql/API/Combined_API.sql,API_HopDongLaoDong_NhanVienChuaCoHD,,,HR_PersonTbl,P,,,,NONE,"P.PersonID, P.PersonName, P.PhongBan, P.TitleName",NO,NO,NO,NO,NO,NOT_FOUND_STATIC,NOT_FOUND_STATIC,,SIMPLE_SINGLE_TABLE,CONVERT_MASTER_STAR,LOW
sql/API/Combined_API.sql,API_HoSoNhanVien,WA_PersonFullFrm|HR_PersonTbl,View|View,HR_PersonTbl,P,HR_PersonStatusTbl,LEFT JOIN,P.PersonStatus = S.PersonStatus,CHUA_XAC_MINH_DB,"P.PersonID, P.PersonName, P.PhongBan, P.TitleName, P.ChucDanhChuyenMon, P.NgaySinh, P.CMND, P.DiaChiThuongTru, P.NgayVaoLam, P.BranchID, P.NgayHopDong, P.NationName, P.SoHopDong, P.DienThoai, P.PersonStatus, P.NewPersonID, P.CardNo, P.ProvineName, P.DiaChiHienNay, P.Quanly, P.NgayThuViec, P.BankHolder, P.BankAccountNo, P.BankName, P.BankLocation, P.SocialID, P.SocialDate, P.NgayKetThucBH, P.ShiftID, P.SoTheBHYT, P.ThoiGianHuongBHYT, P.NoiDangKyBHYT, P.ChamCong, P.LoaiHopDong, P.NgayHetHopDong, P.NguoiLienHe, P.MoiQuanHe, P.NguoiLienHeSoDT, P.GioiTinh, P.HonNhan, P.CMNDNgayCap, P.CMNDNoiCap,...",NO,NO,NO,YES,YES,STATIC_REFERENCE_FOUND,NOT_FOUND_STATIC,,ATTACHMENT,BLOCKED,CRITICAL
sql/API/Combined_API.sql,API_HR_BangThamSo_Lookup,HR_BangThamSoTbl,View,HR_BangThamSoTbl,WHERE,,,,NONE,"RTRIM(PeriodID) AS [PeriodID], RTRIM(LoaiBaoHiem) AS [LoaiBaoHiem], CONCAT(PeriodID, '_', LoaiBaoHiem) AS [KeyID]",NO,YES,NO,NO,NO,NOT_FOUND_STATIC,NOT_FOUND_STATIC,,LOOKUP,EXCLUDE_PHASE2,HIGH
sql/API/Combined_API.sql,API_HR_DropdownShifts,API_HR_DropdownShifts,View,HR_ShiftListTbl,ORDER,,,,NONE,"ShiftID, ShiftName",NO,NO,NO,NO,NO,NOT_FOUND_STATIC,NOT_FOUND_STATIC,,LOOKUP,EXCLUDE_PHASE2,LOW
sql/API/Combined_API.sql,API_KinhPhiCongDoan,WA_KinhPhiCongDoanFrm,View,HR_KinhPhiCongDoanTbl,KP,HR_PersonView,LEFT JOIN,KP.PersonID = P.PersonID,CHUA_XAC_MINH_DB,"KP.[UserAutoID], KP.[PersonID], KP.[PersonName], KP.[ChucDanhChuyenMon], KP.[MucDong], KP.[KinhPhiNopCongDoanVN], KP.[CongDoanVN], KP.[CongDoanCTY], P.BranchID",NO,NO,NO,NO,NO,STATIC_REFERENCE_FOUND,NOT_FOUND_STATIC,,JOINED_MASTER,REWRITE_SAFE_JOIN,HIGH
sql/API/Combined_API.sql,API_LayCacTruongGiaoDien,,,SY_FormatFields,ff,SY_FrmLstTbl,LEFT JOIN,ff.FormName = l.FormID,CHUA_XAC_MINH_DB,"ff.FieldName AS [name], ff.CaptionVN AS [label], ISNULL(ff.IsRequired, 0) AS [required], ISNULL(ff.FormPosition, 'grid') AS [position], ISNULL(l.PrimaryKey, '') AS [primaryKey], ISNULL(ff.ShowInAdd, 1) AS [showInAdd], ISNULL(ff.ShowInEdit, 1) AS [showInEdit], ISNULL(ff.IsReadOnlyEdit, 0) AS [isReadOnlyEdit], ISNULL(ff.IsReadOnlyAdd, 0) AS [isReadOnlyAdd], ISNULL(ff.FormatID, '') AS [renderRule], ISNULL(ff.DataSource, '') AS [dataSource], ISNULL(ff.OrderNo, 0) AS [orderNo], ISNULL(ff.ValidateRule, '') AS [validateRule], ISNULL(ff.DependsOn, '') AS [dependsOn], ISNULL(ff.VisibleRule, '') AS [...",NO,NO,NO,NO,NO,NOT_FOUND_STATIC,NOT_FOUND_STATIC,src/components/report-filter/ReportFilterDialog.js|src/js/core/DynamicFormEngine.js,JOINED_MASTER,REWRITE_SAFE_JOIN,HIGH
sql/API/Combined_API.sql,API_LayChuThichLich,,,tbmk_Biennhancoccho,WHERE,,,,NONE,@CocCount = COUNT(*),NO,YES,YES,NO,NO,NOT_FOUND_STATIC,NOT_FOUND_STATIC,,MULTI_RESULT,EXCLUDE_PHASE2,HIGH
sql/API/Combined_API.sql,API_LayDanhSachMenuTatCa,,,WA_Menu,ORDER,,,,NONE,"MenuID AS [id], COALESCE(Parent, '') AS [parent], COALESCE(VN, '') AS [label], COALESCE(SubTitle, '') AS [subTitle], COALESCE(EN, '') AS [en], COALESCE(FormName, '') AS [formName], COALESCE(FormKey, '') AS [formKey], COALESCE(URLPara, '') AS [urlPara], COALESCE(IconClass, '') AS [icon], COALESCE(isDisable, 0) AS [isDisable]",NO,NO,NO,NO,NO,NOT_FOUND_STATIC,NOT_FOUND_STATIC,,UNKNOWN,BLOCKED,CRITICAL
sql/API/Combined_API.sql,API_LayDanhSachNhom,,,SY_UserGroup,WHERE,,,,NONE,"[UserGroupID] AS [id], [UserGroupName] AS [name]",NO,NO,NO,NO,NO,NOT_FOUND_STATIC,NOT_FOUND_STATIC,,UNKNOWN,BLOCKED,CRITICAL
sql/API/Combined_API.sql,API_LayGiaTriSetup,,,SY_Setup,WHERE,,,,NONE,"[CodeID], [CodeValue]",NO,NO,NO,NO,NO,NOT_FOUND_STATIC,NOT_FOUND_STATIC,,UNKNOWN,BLOCKED,CRITICAL
sql/API/Combined_API.sql,API_LayMenuTheoNhomQuyen,,,WA_Menu,M,WA_UserGroupPermisstion,INNER JOIN,M.MenuID = P.MenuID | M_Child.MenuID = P_Child.MenuID,CHUA_XAC_MINH_DB,"M.MenuID AS [id], M.Parent AS [parent], M.VN AS [label], M.SubTitle AS [subTitle], M.IconClass AS [icon], M.FormName AS [formName], M.URLPara AS [URLPara], M.FormKey AS [formKey], P.IsRun, P.IsAdd, P.IsUpdate, P.IsDelete, P.isManager, P.isAdmin, P.isAutoLock, P.isHideAmount, P.isLockDoc, P.isUnLockDoc, P.isExportExcel",NO,NO,YES,NO,NO,NOT_FOUND_STATIC,STATIC_REFERENCE_FOUND,,MULTI_RESULT,EXCLUDE_PHASE2,HIGH
sql/API/Combined_API.sql,API_LayPhienBanQuyen,,,SY_Setup,WHERE,,,,NONE,@Ver = CodeValue,NO,NO,NO,NO,NO,NOT_FOUND_STATIC,NOT_FOUND_STATIC,,UNKNOWN,BLOCKED,CRITICAL
sql/API/Combined_API.sql,API_LayQuyenCuaToi,,,SY_User,WHERE,WA_Menu,INNER JOIN,P.MenuID = M.MenuID,CHUA_XAC_MINH_DB,@UserGroupID = UserGroupID,NO,NO,NO,NO,NO,NOT_FOUND_STATIC,STATIC_REFERENCE_FOUND,,JOINED_MASTER,REWRITE_SAFE_JOIN,HIGH
sql/API/Combined_API.sql,API_LayQuyenNhomDayDu,,,WA_Menu,M,WA_UserGroupPermisstion,INNER JOIN,M.MenuID = P.MenuID AND P.UserGroupID = @UserGroupID,CHUA_XAC_MINH_DB,"M.MenuID AS [id], M.Parent AS [parent], M.VN AS [label], M.IconClass AS [icon], M.FormName AS [formName], M.URLPara AS [urlPara], ISNULL(P.IsRun, 0) AS IsRun, ISNULL(P.IsAdd, 0) AS IsAdd, ISNULL(P.IsUpdate, 0) AS IsUpdate, ISNULL(P.IsDelete, 0) AS IsDelete, ISNULL(P.isManager, 0) AS isManager, ISNULL(P.isAdmin, 0) AS isAdmin, ISNULL(P.isAutoLock, 0) AS isAutoLock, ISNULL(P.isHideAmount, 0) AS isHideAmount, ISNULL(P.isLockDoc, 0) AS isLockDoc, ISNULL(P.isUnLockDoc, 0) AS isUnLockDoc, ISNULL(P.isExportExcel,0) AS isExportExcel",NO,NO,YES,NO,NO,NOT_FOUND_STATIC,STATIC_REFERENCE_FOUND,,MULTI_RESULT,EXCLUDE_PHASE2,HIGH
sql/API/Combined_API.sql,API_LuongKhoan,WA_LuongKhoanFrm,View,HR_LuongKhoanTbl,L,HR_PersonTbl,LEFT JOIN,L.PersonID = P.PersonID,CHUA_XAC_MINH_DB,"L.UserAutoID, L.PersonID, P.PersonName, L.TuNgay, L.DenNgay, L.SoTienKhoan, L.GhiChu",NO,NO,NO,NO,NO,NOT_FOUND_STATIC,NOT_FOUND_STATIC,,JOINED_MASTER,REWRITE_SAFE_JOIN,HIGH
sql/API/Combined_API.sql,API_LuuCauHinhForm,,,SY_FrmLstTbl,WHERE,,,,NONE,1,NO,NO,NO,NO,NO,NOT_FOUND_STATIC,NOT_FOUND_STATIC,,BUSINESS_ACTION,EXCLUDE_PHASE2,LOW
sql/API/Combined_API.sql,API_LuuDong,WA_PersonFullFrm|API_PersonFull_T1_Salary|API_PersonFull_T2_Allowance|API_PersonFull_T3_KTKL|API_PersonFull_T4_NghiPhep|API_PersonFull_T5_Relation|API_PersonFull_T6_HopDong|API_PersonFull_T7_CongTac|API_PersonFull_T8_Log|API_PersonFull_T9_GiayTo|WA_BaoHiemFrm|API_BaoHiem_Detail|WA_HopDongLaoDongFrm|API_HopDongLaoDong_ChiTiet|API_HopDongLaoDong_Attach|WA_KinhPhiCongDoanFrm|WA_LuongKhoanFrm|WA_ShiftListFrm|SY_Period|CF_BranchListFrm|WA_BankListFrm|WA_NationListFrm|WA_ProvinceListFrm|WA_PeopleListFrm|WA_ReligionListFrm|WA_EducationListFrm|WA_BangCapListFrm|WA_CareerlListFrm|WA_HinhThucNghiListFrm|WA_BangThueTNCNFrm|WA_BangThamSoFrm|WA_BangPhuCapFrm|API_BangPhuCap_Detail|WA_DepartmentListFrm|WA_HospitalListFrm|WA_JobListFrm|WA_PositionListFrm|WA_TitleListFrm|WA_WorkingGroupListFrm|API_CaLamViec_NhanVien|WA_CaLamViecFrm|WA_ChucDanhFrm|WA_DanhSachUngVienFrm|WA_NguoiDungFrm|WA_NguoiDungNhomFrm|HR_Documents,Save|Save|Save|Save|Save|Save|Save|Save|Save|Save|Save|Save|Save|Save|Save|Save|Save|Save|Save|Save|Save|Save|Save|Save|Save|Save|Save|Save|Save|Save|Save|Save|Save|Save|Save|Save|Save|Save|Save|Save|Save|Save|Save|Save|Save|Save,sys,,,,,NONE,1,NO,NO,NO,YES,NO,NOT_FOUND_STATIC,STATIC_REFERENCE_FOUND,src/js/config/Phase2MigrationRegistry.js,ATTACHMENT,BLOCKED,CRITICAL
sql/API/Combined_API.sql,API_LuuHopDong,,,tbmk_Hopdong,h,tbmk_Hopdongsanhtiec|tbmk_Biennhancocchosanhtiec,INNER JOIN,h.Sohopdong = hs.Sohopdong | b.DocumentID = bs.DocumentID,CHUA_XAC_MINH_DB,1,NO,NO,YES,NO,YES,NOT_FOUND_STATIC,NOT_FOUND_STATIC,,BUSINESS_ACTION,EXCLUDE_PHASE2,HIGH
sql/API/Combined_API.sql,API_LuuKhachDen,,,dmkhachhang,WHERE,,,,NONE,1,NO,NO,NO,NO,YES,NOT_FOUND_STATIC,NOT_FOUND_STATIC,,BUSINESS_ACTION,EXCLUDE_PHASE2,HIGH
sql/API/Combined_API.sql,API_LuuKhachHang,,,dmkhachhang,WHERE,,,,NONE,1,NO,NO,NO,NO,YES,NOT_FOUND_STATIC,NOT_FOUND_STATIC,,BUSINESS_ACTION,EXCLUDE_PHASE2,HIGH
sql/API/Combined_API.sql,API_LuuMenu,,,WA_Menu,WHERE,,,,NONE,1,NO,NO,NO,NO,NO,NOT_FOUND_STATIC,STATIC_REFERENCE_FOUND,,BUSINESS_ACTION,EXCLUDE_PHASE2,LOW
sql/API/Combined_API.sql,API_LuuPhieuCoc,,,dmkhachhang,WHERE,,,,NONE,TOP 1 @Makh = Makh,NO,NO,NO,NO,YES,NOT_FOUND_STATIC,NOT_FOUND_STATIC,,BUSINESS_ACTION,EXCLUDE_PHASE2,HIGH
sql/API/Combined_API.sql,API_LuuQuyenCuaNhom,,,SY_Setup,WHERE,,,,NONE,1,NO,NO,NO,NO,NO,NOT_FOUND_STATIC,STATIC_REFERENCE_FOUND,,BUSINESS_ACTION,EXCLUDE_PHASE2,LOW
sql/API/Combined_API.sql,API_LuuQuyenToan,,,tbmk_Phieuthu,WHERE,,,,NONE,*,YES,NO,NO,NO,NO,NOT_FOUND_STATIC,NOT_FOUND_STATIC,,BUSINESS_ACTION,EXCLUDE_PHASE2,MEDIUM
sql/API/Combined_API.sql,API_LuuTaiKhoan,,,SY_User,WHERE,,,,NONE,1,NO,NO,NO,NO,YES,NOT_FOUND_STATIC,NOT_FOUND_STATIC,,BUSINESS_ACTION,EXCLUDE_PHASE2,HIGH
sql/API/Combined_API.sql,API_LuuThuTuMenu,,,@xml,,@Tbl|@TblExisting,JOIN,M.MenuID = T.OldID | P.MenuID = T.OldID | U.MenuID = T.OldID | M.Parent = T.OldID | M.MenuID = 'TMP_' + T.OldID | T.Idx = E.Idx | P.MenuID = 'TMP_' + T.OldID | T.Idx = E.Idx | U.MenuID = 'TMP_' + T.OldID | T.Idx = E.Idx | M.Parent = 'TMP_' + T.OldID | T.Idx = E.Idx,CHUA_XAC_MINH_DB,"n.value('.', 'NVARCHAR(50)') AS ID",NO,NO,NO,YES,NO,NOT_FOUND_STATIC,STATIC_REFERENCE_FOUND,,ATTACHMENT,BLOCKED,CRITICAL
sql/API/Combined_API.sql,API_LuuTruongGiaoDien,,,SY_FormatFields,WHERE,,,,NONE,1,NO,NO,NO,NO,NO,NOT_FOUND_STATIC,NOT_FOUND_STATIC,,BUSINESS_ACTION,EXCLUDE_PHASE2,LOW
sql/API/Combined_API.sql,API_NguoiDungFrm,WA_NguoiDungFrm,View,SY_User,U,SY_UserGroup|CF_BranchTbl,LEFT JOIN,U.UserGroupID = G.UserGroupID | U.BranchID = B.BranchID,CHUA_XAC_MINH_DB,"U.*, G.UserGroupName, B.BranchName",YES,NO,NO,NO,NO,STATIC_REFERENCE_FOUND,NOT_FOUND_STATIC,,JOINED_MASTER,REWRITE_SAFE_JOIN,HIGH
sql/API/Combined_API.sql,API_NguoiDungNhomFrm,WA_NguoiDungNhomFrm,View,SY_User,U,,,,NONE,"G.UserGroupID, G.UserGroupName, G.IsDisable, (SELECT COUNT(*)",NO,YES,NO,NO,NO,NOT_FOUND_STATIC,NOT_FOUND_STATIC,,AGGREGATE,EXCLUDE_PHASE2,HIGH
sql/API/Combined_API.sql,API_Payroll,WA_PayrollFrm,View,HR_PayrollTbl,PAY,HR_PersonTbl,LEFT JOIN,PAY.PersonID = P.PersonID,CHUA_XAC_MINH_DB,"PAY.DocumentID, PAY.DocumentDate, PAY.PeriodID, PAY.PersonID, PAY.PersonName, PAY.LuongCoBan, PAY.LuongTong, PAY.TienBuTru, PAY.SoNguoiPhuThuoc, PAY.MucDong, PAY.TongLuong, PAY.IsBH, PAY.IsHuuTri, P.PhongBan",NO,NO,NO,NO,NO,NOT_FOUND_STATIC,NOT_FOUND_STATIC,src/js/modules/hr/definitions/payroll.js,BUSINESS_ACTION,EXCLUDE_PHASE2,HIGH
sql/API/Combined_API.sql,API_Payroll_Detail,API_Payroll_Detail,View,HR_PayrollDetailTbl,WHERE,,,,NONE,"UserAutoID, DocumentID, Code, Mota, SoTien, Notes",NO,NO,NO,NO,NO,NOT_FOUND_STATIC,NOT_FOUND_STATIC,src/js/modules/hr/definitions/payroll.js,BUSINESS_ACTION,EXCLUDE_PHASE2,LOW
sql/API/Combined_API.sql,API_PersonAttach_SaveAvatar,,,HR_PersonAttachTbl,WHERE,,,,NONE,"-1 AS code, N'LÃ¡Â»â€”i: KhÃƒÂ´ng tÃƒÂ¬m thÃ¡ÂºÂ¥y mÃƒÂ£ nhÃƒÂ¢n viÃƒÂªn/Ã¡Â»Â©ng viÃƒÂªn!' AS msg; RETURN; END IF @FileType = 1 BEGIN DECLARE @ExistingID VARCHAR(50); SELECT TOP 1 @ExistingID = UserAutoID",NO,NO,NO,NO,NO,NOT_FOUND_STATIC,NOT_FOUND_STATIC,,ATTACHMENT,EXCLUDE_PHASE2,LOW
sql/API/Combined_API.sql,API_PersonFull_T1_Salary,API_PersonFull_T1_Salary,View,HR_PersonSalaryTbl,WHERE,,,,NONE,*,YES,NO,NO,NO,NO,NOT_FOUND_STATIC,NOT_FOUND_STATIC,src/js/modules/hr/definitions/employee.js,SIMPLE_SINGLE_TABLE,CONVERT_MASTER_STAR,MEDIUM
sql/API/Combined_API.sql,API_PersonFull_T3_KTKL,API_PersonFull_T3_KTKL,View,HR_PersonKTKLTbl,WHERE,,,,NONE,"UserAutoID, PersonID, NoiDungKTKL, GhiChu",NO,NO,NO,NO,NO,NOT_FOUND_STATIC,NOT_FOUND_STATIC,src/js/modules/hr/definitions/employee.js,SIMPLE_SINGLE_TABLE,CONVERT_MASTER_STAR,LOW
sql/API/Combined_API.sql,API_PersonFull_T4_NghiPhep,API_PersonFull_T4_NghiPhep,View,HR_PersonNghiPhepTbl,WHERE,,,,NONE,"UserAutoID, PersonID, Nam, SoNgay, PhepThamNien, SoNgayDaSuDung, SoNgayConLai, PhepTonNamTruoc, SoNgayPhepTet, SoNgayPhepOm, NgayCapNhat, GhiChu",NO,NO,NO,NO,NO,NOT_FOUND_STATIC,NOT_FOUND_STATIC,src/js/modules/hr/definitions/employee.js,SIMPLE_SINGLE_TABLE,CONVERT_MASTER_STAR,LOW
sql/API/Combined_API.sql,API_PersonFull_T5_Relation,API_PersonFull_T5_Relation,View,HR_PersonRelationTbl,WHERE,,,,NONE,"UserAutoID, PersonID, RelationID, PersonRelationName, NgaySinh, DiaChiThuongTru, DiaChiHienNay, IsNguoiPhuThuoc, GiamTruTuThang, GiamTruDenThang",NO,NO,NO,NO,NO,NOT_FOUND_STATIC,NOT_FOUND_STATIC,src/js/modules/hr/definitions/employee.js,SIMPLE_SINGLE_TABLE,CONVERT_MASTER_STAR,LOW
sql/API/Combined_API.sql,API_PersonFull_T6_HopDong,API_PersonFull_T6_HopDong,View,HR_HopDongTbl,WHERE,,,,NONE,"MaHopDong, PersonID, PersonName, NgayKyHopDong, NgayCoHieuLuc, NgayHetHieuLuc, LoaiHopDong, LuongCoBan, MucDong, NoiDung",NO,NO,NO,NO,NO,NOT_FOUND_STATIC,NOT_FOUND_STATIC,src/js/modules/hr/definitions/employee.js,SIMPLE_SINGLE_TABLE,CONVERT_MASTER_STAR,LOW
sql/API/Combined_API.sql,API_PersonFull_T7_CongTac,API_PersonFull_T7_CongTac,View,HR_LichSuCongTacTbl,WHERE,,,,NONE,"UserAutoID, PersonID, PhongBan, TitleName, PostionName, Quanly, ShiftID, NgayThayDoi, UserName",NO,NO,NO,NO,NO,NOT_FOUND_STATIC,NOT_FOUND_STATIC,src/js/modules/hr/definitions/employee.js,SIMPLE_SINGLE_TABLE,CONVERT_MASTER_STAR,LOW
sql/API/Combined_API.sql,API_PersonFull_T8_Log,API_PersonFull_T8_Log,View,HR_PersonLogTbl,WHERE,,,,NONE,"UserAutoID, PersonID, UserName, LogDate, BranchID, StatusID, Notes",NO,NO,NO,NO,NO,STATIC_REFERENCE_FOUND,NOT_FOUND_STATIC,src/js/modules/hr/definitions/employee.js,SIMPLE_SINGLE_TABLE,CONVERT_MASTER_STAR,LOW
sql/API/Combined_API.sql,API_PersonFull_T9_GiayTo,API_PersonFull_T9_GiayTo,View,HR_PersonGiayToTbl,WHERE,,,,NONE,"DocumentID, PersonID, LoaiGiayTo, TuNgay, DenNgay, Notes",NO,NO,NO,NO,YES,STATIC_REFERENCE_FOUND,NOT_FOUND_STATIC,src/js/modules/hr/definitions/employee.js,SIMPLE_SINGLE_TABLE,KEEP_EXPLICIT,HIGH
sql/API/Combined_API.sql,API_QuanLyNghiLe,WA_QuanLyNghiLeFrm,View,HR_HolidayTbl,WHERE,,,,NONE,"HolidayID, HolidayDate, HolidayName, SoCong",NO,NO,NO,NO,NO,NOT_FOUND_STATIC,NOT_FOUND_STATIC,,SIMPLE_SINGLE_TABLE,CONVERT_MASTER_STAR,LOW
sql/API/Combined_API.sql,API_QuanLyNghiPhepNam,WA_QuanLyNghiPhepNamFrm,View,HR_PersonTbl,P,,,,NONE,"P.PersonID, P.PersonName, P.PhongBan, P.TitleName, P.ChucDanhChuyenMon, P.NgaySinh, P.CMND, P.DiaChiThuongTru, P.NgayVaoLam, P.BranchID, P.NgayHopDong, P.NationName, P.SoHopDong, P.DienThoai",NO,NO,NO,NO,YES,STATIC_REFERENCE_FOUND,NOT_FOUND_STATIC,src/js/modules/hr/definitions/leave.js,SIMPLE_SINGLE_TABLE,KEEP_EXPLICIT,HIGH
sql/API/Combined_API.sql,API_QuanLyNghiPhepNam_ChiTiet,API_QuanLyNghiPhepNam_ChiTiet,View,HR_PersonNghiPhepTbl,N,,,,NONE,"N.UserAutoID, N.PersonID, N.Nam, ISNULL(N.SoNgay, 0) AS SoNgay, N.GhiChu, ISNULL(N.PhepThamNien, 0) AS PhepThamNien, ISNULL(N.SoNgayDaSuDung, 0) AS SoNgayDaSuDung, ISNULL(N.SoNgayConLai, 0) AS SoNgayConLai, ISNULL(N.PhepTonNamTruoc, 0) AS PhepTonNamTruoc, ISNULL(N.SoNgayPhepTet, 0) AS SoNgayPhepTet, ISNULL(N.SoNgayPhepOm, 0) AS SoNgayPhepOm, N.NgayCapNhat",NO,NO,NO,NO,NO,NOT_FOUND_STATIC,NOT_FOUND_STATIC,src/js/modules/hr/definitions/leave.js,SIMPLE_SINGLE_TABLE,CONVERT_MASTER_STAR,LOW
sql/API/Combined_API.sql,API_QuanLyUngVien,WA_DanhSachUngVienFrm,View,HR_UngVienTbl,WHERE,,,,NONE,"CandidateID, FullName, NgaySinh, GioiTinh, SoCCCD, NgayCap, NoiCap, TinhTrangHonNhan, SoDienThoai, Email, DiaChiThuongTru, DiaChiHienTai, LinkedIn, ViTriUngTuyen, PhongBan, NguonUngTuyen, NgayUngTuyen, MucLuongMongMuon, NgayCoTheDiLam, KyNangChuyenMon, KyNangMem, NgoaiNgu, TinHoc, TrangThaiHR, DiemDanhGia, NhanXetHR, NguoiPhuTrach, KetQuaCuoiCung, MucLuongDeXuat, NgayOnboard, GhiChuChung, UserCreate, DateCreate",NO,NO,NO,NO,YES,NOT_FOUND_STATIC,NOT_FOUND_STATIC,src/js/modules/hr/definitions/employee.js,SIMPLE_SINGLE_TABLE,KEEP_EXPLICIT,HIGH
sql/API/Combined_API.sql,API_QuanLyUngVien_ChungChi,API_QuanLyUngVien_ChungChi,View,HR_UngVienChungChiTbl,WHERE,,,,NONE,"UserAutoID, CandidateID, TenChungChi, ToChucCap, NgayCap",NO,NO,NO,NO,NO,NOT_FOUND_STATIC,NOT_FOUND_STATIC,src/js/modules/hr/definitions/employee.js,SIMPLE_SINGLE_TABLE,CONVERT_MASTER_STAR,LOW
sql/API/Combined_API.sql,API_QuanLyUngVien_HocVan,API_QuanLyUngVien_HocVan,View,HR_UngVienHocVanTbl,WHERE,,,,NONE,"UserAutoID, CandidateID, TruongDaoTao, ChuyenNganh, TuNam, DenNam, BangCap",NO,NO,NO,NO,NO,NOT_FOUND_STATIC,NOT_FOUND_STATIC,src/js/modules/hr/definitions/employee.js,SIMPLE_SINGLE_TABLE,CONVERT_MASTER_STAR,LOW
sql/API/Combined_API.sql,API_QuanLyUngVien_KinhNghiem,API_QuanLyUngVien_KinhNghiem,View,HR_UngVienKinhNghiemTbl,WHERE,,,,NONE,"UserAutoID, CandidateID, CongTyCu, ViTriCongTac, TuThangNam, DenThangNam, MoTaCongViec",NO,NO,NO,NO,NO,NOT_FOUND_STATIC,NOT_FOUND_STATIC,src/js/modules/hr/definitions/employee.js,SIMPLE_SINGLE_TABLE,CONVERT_MASTER_STAR,LOW
sql/API/Combined_API.sql,API_QuanLyUngVien_PhongVan,API_QuanLyUngVien_PhongVan,View,HR_UngVienPhongVanTbl,WHERE,,,,NONE,"UserAutoID, CandidateID, VongPhongVan, NgayPhongVan, NguoiPhongVan, KetQuaVong, NhanXetChiTiet",NO,NO,NO,YES,NO,NOT_FOUND_STATIC,NOT_FOUND_STATIC,src/js/modules/hr/definitions/employee.js,ATTACHMENT,BLOCKED,CRITICAL
sql/API/Combined_API.sql,API_tbmk_Thaydoi_View,,,tbmk_Thaydoi,WHERE,,,,NONE,*,YES,NO,NO,NO,NO,NOT_FOUND_STATIC,NOT_FOUND_STATIC,,SIMPLE_SINGLE_TABLE,CONVERT_MASTER_STAR,MEDIUM
sql/API/Combined_API.sql,API_TruyVanDong,frmKho|frmHanghoa|frmHanghoadinhluong|frmNhapKho|frmXuatKho|WA_TimeSheetTH2Report|WA_ShiftListFrm|SY_Period|CF_BranchListFrm|WA_BankListFrm|WA_NationListFrm|WA_ProvinceListFrm|WA_PeopleListFrm|WA_ReligionListFrm|WA_EducationListFrm|WA_BangCapListFrm|WA_CareerlListFrm|WA_HinhThucNghiListFrm|WA_BangThueTNCNFrm|WA_BangThamSoFrm|WA_DepartmentListFrm|WA_HospitalListFrm|WA_JobListFrm|WA_PositionListFrm|WA_TitleListFrm|WA_WorkingGroupListFrm|API_PersonAttach|API_CandidateAttach|HR_HopDongAddfile,View|View|View|View|View|View|View|View|View|View|View|View|View|View|View|View|View|View|View|View|View|View|View|View|View|View|View|View|View,SY_FrmLstTbl,WHERE,,,,NONE,"@TableName = LTRIM(RTRIM(TableName)), @PrimaryKey = LTRIM(RTRIM(PrimaryKey))",NO,NO,NO,YES,NO,NOT_FOUND_STATIC,NOT_FOUND_STATIC,src/js/config/Phase2MigrationRegistry.js,ATTACHMENT,BLOCKED,CRITICAL
sql/API/Combined_API.sql,API_XoaDong,WA_PersonFullFrm|API_PersonFull_T1_Salary|API_PersonFull_T2_Allowance|API_PersonFull_T3_KTKL|API_PersonFull_T4_NghiPhep|API_PersonFull_T5_Relation|API_PersonFull_T6_HopDong|API_PersonFull_T7_CongTac|API_PersonFull_T8_Log|API_PersonFull_T9_GiayTo|WA_BaoHiemFrm|API_BaoHiem_Detail|WA_HopDongLaoDongFrm|API_HopDongLaoDong_ChiTiet|API_HopDongLaoDong_Attach|WA_KinhPhiCongDoanFrm|WA_LuongKhoanFrm|WA_ShiftListFrm|SY_Period|CF_BranchListFrm|WA_BankListFrm|WA_NationListFrm|WA_ProvinceListFrm|WA_PeopleListFrm|WA_ReligionListFrm|WA_EducationListFrm|WA_BangCapListFrm|WA_CareerlListFrm|WA_HinhThucNghiListFrm|WA_BangThueTNCNFrm|WA_BangThamSoFrm|WA_BangPhuCapFrm|API_BangPhuCap_Detail|WA_DepartmentListFrm|WA_HospitalListFrm|WA_JobListFrm|WA_PositionListFrm|WA_TitleListFrm|WA_WorkingGroupListFrm|API_CaLamViec_NhanVien|WA_CaLamViecFrm|WA_ChucDanhFrm|WA_DanhSachUngVienFrm|WA_NguoiDungFrm|WA_NguoiDungNhomFrm|HR_Documents,Delete|Delete|Delete|Delete|Delete|Delete|Delete|Delete|Delete|Delete|Delete|Delete|Delete|Delete|Delete|Delete|Delete|Delete|Delete|Delete|Delete|Delete|Delete|Delete|Delete|Delete|Delete|Delete|Delete|Delete|Delete|Delete|Delete|Delete|Delete|Delete|Delete|Delete|Delete|Delete|Delete|Delete|Delete|Delete|Delete|Delete,sys,,,,,NONE,1,NO,NO,NO,NO,NO,NOT_FOUND_STATIC,STATIC_REFERENCE_FOUND,src/js/config/Phase2MigrationRegistry.js,BUSINESS_ACTION,EXCLUDE_PHASE2,LOW
sql/API/Combined_API.sql,API_XoaKhachDen,,,string_split,,,,,NONE,value,NO,NO,NO,NO,NO,NOT_FOUND_STATIC,NOT_FOUND_STATIC,,BUSINESS_ACTION,EXCLUDE_PHASE2,LOW
sql/API/Combined_API.sql,API_XoaMenu,,,WA_Menu,WHERE,,,,NONE,MenuID,NO,NO,NO,NO,NO,NOT_FOUND_STATIC,STATIC_REFERENCE_FOUND,,BUSINESS_ACTION,EXCLUDE_PHASE2,LOW
sql/API/Combined_API.sql,API_XoaTruongGiaoDien,,,SY_FormatFields,WHERE,,,,NONE,"1 AS code, N'Thiáº¿u ID cáº§n xÃ³a' AS message; RETURN; END IF EXISTS ( SELECT 1",NO,NO,NO,NO,NO,NOT_FOUND_STATIC,NOT_FOUND_STATIC,,BUSINESS_ACTION,EXCLUDE_PHASE2,LOW
sql/API/Combined_API.sql,API_XuLyChamCongHangNgay,WA_TimeSheetDayFrm,View,HR_TimeSheetDayTbl,ORDER,HR_PersonView,LEFT JOIN,T.PersonID = P.PersonID,CHUA_XAC_MINH_DB,TOP 1 @PeriodID = PeriodID,NO,NO,NO,NO,NO,STATIC_REFERENCE_FOUND,NOT_FOUND_STATIC,,BUSINESS_ACTION,EXCLUDE_PHASE2,HIGH
sql/API/Combined_API.sql,TinhBHStp,WA_BaoHiemFrm_Calculate,View,HR_BangThamSoTbl,WHERE,,,,NONE,"TOP 1 @BHXHNLD = ISNULL(BHXHNLD, 8.0), @BHXHCTY = ISNULL(BHXHCTY, 17.5), @BHYTNLD = ISNULL(BHYTNLD, 1.5), @BHYTCTY = ISNULL(BHYTCTY, 3.0), @BHTNNLD = ISNULL(BHTNNLD, 1.0), @BHTNCTY = ISNULL(BHTNCTY, 1.0)",NO,NO,NO,NO,NO,NOT_FOUND_STATIC,NOT_FOUND_STATIC,,BUSINESS_ACTION,EXCLUDE_PHASE2,LOW
sql/API/Combined_API.sql,WA_BaoHiem_PersonLookup,WA_BaoHiemFrm_PersonID,View,HR_BaoHiemTbl,WHERE,HR_BaoHiemTbl,INNER JOIN,H.DocumentID = CT.DocumentID,CHUA_XAC_MINH_DB,"TOP 1 @BranchID = CASE WHEN @BranchID = '' THEN ISNULL(BranchID, '') ELSE @BranchID END, @LoaiBaoHiem = CASE WHEN @LoaiBaoHiem = '' THEN ISNULL(LoaiBaoHiem, '') ELSE @LoaiBaoHiem END",NO,NO,NO,NO,NO,STATIC_REFERENCE_FOUND,NOT_FOUND_STATIC,,BUSINESS_ACTION,EXCLUDE_PHASE2,HIGH
sql/API/Combined_API.sql,WA_BaoHiemFrm_Save,WA_BaoHiemFrm,Save,,,,,,NONE,,NO,NO,NO,NO,NO,NOT_FOUND_STATIC,NOT_FOUND_STATIC,,BUSINESS_ACTION,EXCLUDE_PHASE2,LOW
sql/API/Combined_API.sql,WA_PayRoll_Process_Stp,WA_PayRoll_Process_Stp,View,HR_PayrollTbl,WHERE,HR_PayrollTbl|#TmpBackup|HR_BaoHiemTbl|HR_BangPhuCapTbl|#LuongKhoan|#NhanVienPhanLoai|#ChamCong|#PhuCap|#BaoHiemClean|#TmpPayrollDetail,INNER JOIN|LEFT JOIN,"H.DocumentID = D.DocumentID | P.PersonID = T.PersonID | BH.DocumentID = M.DocumentID | BPC.MaPhuCap = PA.MaPhuCap | H.PersonID = LK.PersonID | H.DocumentID = NV.DocumentID | CC.PersonID = H.PersonID | LK.PersonID = H.PersonID | PC.PersonID = H.PersonID | PC.PersonID = H.PersonID | PC.PersonID = H.PersonID | LK.PersonID = H.PersonID | B.PersonID = H.PersonID | H.DocumentID = NV.DocumentID | CC.PersonID = H.PersonID | B.PersonID = H.PersonID | PC.PersonID = H.PersonID AND (NV.IsKhoan = 0 OR H.PersonID IN ('VP016', 'ÃD251')) | T.DocumentID = H.DocumentID | LK.PersonID = H.PersonID | T10.DocumentID = H.DocumentID AND T10.Code = 10 | T12.DocumentID = H.DocumentID AND T12.Code = 12 | T13.DocumentID = H.DocumentID AND T13.Code = 13 | T44.DocumentID = H.DocumentID AND T44.Code = 44 | T14.DocumentID = H.DocumentID AND T14.Code = 14 | H.DocumentID = T50.DocumentID | H.DocumentID = T60.DocumentID | T20.DocumentID = H.DocumentID AND T20.Code = 20",CHUA_XAC_MINH_DB,"-1 AS code, N'KhÃ´ng tÃ¬m tháº¥y ká»³ lÆ°Æ¡ng.' AS msg; RETURN; END; DROP TABLE IF EXISTS #TmpBackup; SELECT PersonID, LuongTong, SoNguoiPhuThuoc, LuongCoBan, IsBH, IsHuuTri INTO #TmpBackup",NO,YES,NO,NO,YES,NOT_FOUND_STATIC,NOT_FOUND_STATIC,src/js/modules/hr/actions/payroll-actions.js,BUSINESS_ACTION,EXCLUDE_PHASE2,HIGH
sql/API/Combined_API.sql,WA_TimeSheetDay_Process_Stp,WA_TimeSheetDay_Process_Stp,View,HR_TimeSheetDayTbl,T,HR_PersonTbl|HR_SapCaTbl|HR_ShiftListTbl|HR_TimeSheetDayEditTbl,INNER JOIN|LEFT JOIN,T.PersonID = P.PersonID | LTRIM(RTRIM(CAST(P.UserID AS NVARCHAR(50)))) = A.UserID_Clean | SC.SapCaID = CT.SapCaID | SH.ShiftID = FinalShift.ShiftID | P.PersonID = E.PersonID AND A.Ngay = CAST(E.ThoiGianVao AS DATE),CHUA_XAC_MINH_DB,"-1 AS code, N'KhÃ´ng tÃ¬m tháº¥y ká»³ cháº¥m cÃ´ng ' + @PeriodID AS msg; RETURN; END; DELETE T",NO,YES,NO,NO,NO,STATIC_REFERENCE_FOUND,NOT_FOUND_STATIC,src/js/modules/hr/actions/timesheet-actions.js,BUSINESS_ACTION,EXCLUDE_PHASE2,HIGH
sql/API/WA_PayRoll_Process_Stp.sql,WA_PayRoll_Process_Stp,WA_PayRoll_Process_Stp,View,HR_PayrollTbl,WHERE,HR_PayrollTbl|#TmpBackup|HR_BaoHiemTbl|HR_BangPhuCapTbl|#LuongKhoan|#NhanVienPhanLoai|#ChamCong|#PhuCap|#BaoHiemClean|#TmpPayrollDetail,INNER JOIN|LEFT JOIN,"H.DocumentID = D.DocumentID | P.PersonID = T.PersonID | BH.DocumentID = M.DocumentID | BPC.MaPhuCap = PA.MaPhuCap | H.PersonID = LK.PersonID | H.DocumentID = NV.DocumentID | CC.PersonID = H.PersonID | LK.PersonID = H.PersonID | PC.PersonID = H.PersonID | PC.PersonID = H.PersonID | PC.PersonID = H.PersonID | LK.PersonID = H.PersonID | B.PersonID = H.PersonID | H.DocumentID = NV.DocumentID | CC.PersonID = H.PersonID | B.PersonID = H.PersonID | PC.PersonID = H.PersonID AND (NV.IsKhoan = 0 OR H.PersonID IN ('VP016', 'ÐD251')) | T.DocumentID = H.DocumentID | LK.PersonID = H.PersonID | T10.DocumentID = H.DocumentID AND T10.Code = 10 | T12.DocumentID = H.DocumentID AND T12.Code = 12 | T13.DocumentID = H.DocumentID AND T13.Code = 13 | T44.DocumentID = H.DocumentID AND T44.Code = 44 | T14.DocumentID = H.DocumentID AND T14.Code = 14 | H.DocumentID = T50.DocumentID | H.DocumentID = T60.DocumentID | T20.DocumentID = H.DocumentID AND T20.Code = 20",CHUA_XAC_MINH_DB,"-1 AS code, N'Không tìm thấy kỳ lương.' AS msg; RETURN; END; DROP TABLE IF EXISTS #TmpBackup; SELECT PersonID, LuongTong, SoNguoiPhuThuoc, LuongCoBan, IsBH, IsHuuTri INTO #TmpBackup",NO,YES,NO,NO,YES,NOT_FOUND_STATIC,NOT_FOUND_STATIC,src/js/modules/hr/actions/payroll-actions.js,BUSINESS_ACTION,EXCLUDE_PHASE2,HIGH
sql/API/WA_TimeSheetDay_Process_Stp.sql,WA_TimeSheetDay_Process_Stp,WA_TimeSheetDay_Process_Stp,View,HR_TimeSheetDayTbl,T,HR_PersonTbl|HR_SapCaTbl|HR_ShiftListTbl|HR_TimeSheetDayEditTbl,INNER JOIN|LEFT JOIN,T.PersonID = P.PersonID | LTRIM(RTRIM(CAST(P.UserID AS NVARCHAR(50)))) = A.UserID_Clean | SC.SapCaID = CT.SapCaID | SH.ShiftID = FinalShift.ShiftID | P.PersonID = E.PersonID AND A.Ngay = CAST(E.ThoiGianVao AS DATE),CHUA_XAC_MINH_DB,"-1 AS code, N'Không tìm thấy kỳ chấm công ' + @PeriodID AS msg; RETURN; END; DELETE T",NO,YES,NO,NO,NO,STATIC_REFERENCE_FOUND,NOT_FOUND_STATIC,src/js/modules/hr/actions/timesheet-actions.js,BUSINESS_ACTION,EXCLUDE_PHASE2,HIGH
sql/Phase2ApiMigration/01_CREATE_VIEW_V2_PILOT.sql,API_BangThueTNCN_V2,,,,,,,,NONE,,NO,NO,NO,NO,NO,NOT_FOUND_STATIC,NOT_FOUND_STATIC,src/js/config/Phase2MigrationRegistry.js,UNKNOWN,BLOCKED,CRITICAL
sql/Phase2ApiMigration/01_CREATE_VIEW_V2_PILOT.sql,API_BangThueTNCN_V2,,,WA_API,A,,,,NONE,COUNT(*),YES,YES,NO,YES,YES,STATIC_REFERENCE_FOUND,STATIC_REFERENCE_FOUND,src/js/config/Phase2MigrationRegistry.js,ATTACHMENT,BLOCKED,CRITICAL
sql/Phase2ApiMigration/02_CREATE_SAVE_V2.sql,API_LuuDong_V2,,,,,,,,NONE,,NO,NO,NO,NO,NO,NOT_FOUND_STATIC,NOT_FOUND_STATIC,src/js/config/Phase2MigrationRegistry.js,BUSINESS_ACTION,EXCLUDE_PHASE2,LOW
sql/Phase2ApiMigration/02_CREATE_SAVE_V2.sql,API_LuuDong_V2,,,WA_API,A,,,,NONE,@RouteCount = COUNT(*),NO,YES,NO,YES,YES,STATIC_REFERENCE_FOUND,STATIC_REFERENCE_FOUND,src/js/config/Phase2MigrationRegistry.js,ATTACHMENT,BLOCKED,CRITICAL
sql/Phase2ApiMigration/03_CREATE_DELETE_V2.sql,API_XoaDong_V2,,,,,,,,NONE,,NO,NO,NO,NO,NO,NOT_FOUND_STATIC,NOT_FOUND_STATIC,src/js/config/Phase2MigrationRegistry.js,BUSINESS_ACTION,EXCLUDE_PHASE2,LOW
sql/Phase2ApiMigration/03_CREATE_DELETE_V2.sql,API_XoaDong_V2,,,WA_API,A,#DeleteIds,INNER JOIN,"T.' + QUOTENAME(@PrimaryKey) + N' = TRY_CONVERT(' + @PrimarySqlType + N', I.IdValue) | T.' + QUOTENAME(@PrimaryKey) + N' = TRY_CONVERT(' + @PrimarySqlType + N', I.IdValue)",CHUA_XAC_MINH_DB,@RouteCount = COUNT(*),NO,YES,NO,NO,NO,STATIC_REFERENCE_FOUND,STATIC_REFERENCE_FOUND,src/js/config/Phase2MigrationRegistry.js,BUSINESS_ACTION,EXCLUDE_PHASE2,HIGH
sql/Update/Update_HR_HopDongAddfile_MapTemplates.sql,API_HR_GetForm,HR_GetForm,View,HR_HopDongAddfile,WHERE,,,,NONE,TOP 1 FormName,YES,NO,NO,NO,NO,NOT_FOUND_STATIC,NOT_FOUND_STATIC,,SIMPLE_SINGLE_TABLE,CONVERT_MASTER_STAR,MEDIUM
