Procedure,MainTable,JoinTable,JoinType,JoinCondition,ExpectedCardinality,ActualDuplicateRisk,JoinedColumns,AliasCompatibility,Decision
API_BangChamCongTongHop,HR_TimeSheetTbl,HR_PersonTbl,LEFT JOIN,t.PersonID = p.PersonID,CHUA_XAC_MINH_DB,CHUA_XAC_MINH_DB,"t.PeriodID, t.PersonID, p.PersonName, p.PhongBan, t.DocumentDate, t.SoNgayThang, t.SoNgayDiLam, t.SoNgayLe, t.TangCa, t.SoNgayCongTac, t.CongPhep, t.NghiPhep, t.NghiKhongPhep, t.GhiChu",REQUIRES_CONTRACT_FIXTURE,KEEP_EXPLICIT_OR_REWRITE_SAFE_JOIN
API_BangChamCongTongHop,HR_TimeSheetTbl,HR_PersonTbl,LEFT JOIN,t.PersonID = p.PersonID,CHUA_XAC_MINH_DB,CHUA_XAC_MINH_DB,"t.PeriodID, t.PersonID, p.PersonName, p.PhongBan, t.DocumentDate, t.SoNgayThang, t.SoNgayDiLam, t.SoNgayLe, t.TangCa, t.SoNgayCongTac, t.CongPhep, t.NghiPhep, t.NghiKhongPhep, t.GhiChu",REQUIRES_CONTRACT_FIXTURE,KEEP_EXPLICIT_OR_REWRITE_SAFE_JOIN
API_BangPhuCap_Detail,HR_PersonAllowanceTbl,HR_PersonTbl,LEFT JOIN,A.PersonID = P.PersonID,CHUA_XAC_MINH_DB,CHUA_XAC_MINH_DB,"A.UserAutoID, A.MaPhuCap, A.PersonID, P.PersonName, P.PhongBan, P.TitleName, A.GhiChu, A.NoiDungPhuCap",REQUIRES_CONTRACT_FIXTURE,KEEP_EXPLICIT_OR_REWRITE_SAFE_JOIN
API_BangPhuCap_Detail,HR_PersonAllowanceTbl,HR_PersonTbl,LEFT JOIN,A.PersonID = P.PersonID,CHUA_XAC_MINH_DB,CHUA_XAC_MINH_DB,"A.UserAutoID, A.MaPhuCap, A.PersonID, P.PersonName, P.PhongBan, P.TitleName, A.GhiChu, A.NoiDungPhuCap",REQUIRES_CONTRACT_FIXTURE,KEEP_EXPLICIT_OR_REWRITE_SAFE_JOIN
API_BaoCaoChamCong,HR_TimeSheetTbl,HR_PersonTbl,LEFT JOIN,t.PersonID = p.PersonID,CHUA_XAC_MINH_DB,CHUA_XAC_MINH_DB,"t.PeriodID, t.PersonID, p.PersonName, p.PhongBan, t.DocumentDate, t.SoNgayThang, t.SoNgayDiLam, t.SoNgayLe, t.TangCa, t.SoNgayCongTac, t.CongPhep, t.NghiPhep, t.NghiKhongPhep, t.GhiChu",REQUIRES_CONTRACT_FIXTURE,EXCLUDE_PHASE2
API_BaoCaoChamCong,HR_TimeSheetTbl,HR_PersonTbl,LEFT JOIN,t.PersonID = p.PersonID,CHUA_XAC_MINH_DB,CHUA_XAC_MINH_DB,"t.PeriodID, t.PersonID, p.PersonName, p.PhongBan, t.DocumentDate, t.SoNgayThang, t.SoNgayDiLam, t.SoNgayLe, t.TangCa, t.SoNgayCongTac, t.CongPhep, t.NghiPhep, t.NghiKhongPhep, t.GhiChu",REQUIRES_CONTRACT_FIXTURE,EXCLUDE_PHASE2
API_BaoCaoChamCongChiTiet,HR_TimeSheetDayTbl,HR_PersonTbl,LEFT JOIN,T.PersonID = P.PersonID,CHUA_XAC_MINH_DB,CHUA_XAC_MINH_DB,TOP 1 @PeriodID = PeriodID,REQUIRES_CONTRACT_FIXTURE,EXCLUDE_PHASE2
API_BaoCaoChamCongChiTiet,HR_TimeSheetDayTbl,HR_PersonTbl,LEFT JOIN,T.PersonID = P.PersonID,CHUA_XAC_MINH_DB,CHUA_XAC_MINH_DB,TOP 1 @PeriodID = PeriodID,REQUIRES_CONTRACT_FIXTURE,EXCLUDE_PHASE2
API_BaoCaoChamCongTongHop,HR_TimeSheetTbl,CongDiLamHopLe,LEFT JOIN,CDL.PersonID = TS.PersonID,CHUA_XAC_MINH_DB,CHUA_XAC_MINH_DB,TOP 1 @PeriodID = PeriodID,REQUIRES_CONTRACT_FIXTURE,EXCLUDE_PHASE2
API_BaoCaoChamCongTongHop,HR_TimeSheetTbl,CongDiLamHopLe,LEFT JOIN,CDL.PersonID = TS.PersonID,CHUA_XAC_MINH_DB,CHUA_XAC_MINH_DB,TOP 1 @PeriodID = PeriodID,REQUIRES_CONTRACT_FIXTURE,EXCLUDE_PHASE2
API_BaoCaoChamCongTongHop,HR_TimeSheetTbl,CongLe,LEFT JOIN,CL.PersonID = TS.PersonID AND CL.PeriodID = TS.PeriodID,CHUA_XAC_MINH_DB,CHUA_XAC_MINH_DB,TOP 1 @PeriodID = PeriodID,REQUIRES_CONTRACT_FIXTURE,EXCLUDE_PHASE2
API_BaoCaoChamCongTongHop,HR_TimeSheetTbl,CongLe,LEFT JOIN,CL.PersonID = TS.PersonID AND CL.PeriodID = TS.PeriodID,CHUA_XAC_MINH_DB,CHUA_XAC_MINH_DB,TOP 1 @PeriodID = PeriodID,REQUIRES_CONTRACT_FIXTURE,EXCLUDE_PHASE2
API_BaoCaoChamCongTongHop,HR_TimeSheetTbl,CongNghiCoLuong,LEFT JOIN,CNL.PersonID = TS.PersonID,CHUA_XAC_MINH_DB,CHUA_XAC_MINH_DB,TOP 1 @PeriodID = PeriodID,REQUIRES_CONTRACT_FIXTURE,EXCLUDE_PHASE2
API_BaoCaoChamCongTongHop,HR_TimeSheetTbl,CongNghiCoLuong,LEFT JOIN,CNL.PersonID = TS.PersonID,CHUA_XAC_MINH_DB,CHUA_XAC_MINH_DB,TOP 1 @PeriodID = PeriodID,REQUIRES_CONTRACT_FIXTURE,EXCLUDE_PHASE2
API_BaoCaoChamCongTongHop,HR_TimeSheetTbl,CongNghiHieuHy,LEFT JOIN,CHH.PersonID = TS.PersonID,CHUA_XAC_MINH_DB,CHUA_XAC_MINH_DB,TOP 1 @PeriodID = PeriodID,REQUIRES_CONTRACT_FIXTURE,EXCLUDE_PHASE2
API_BaoCaoChamCongTongHop,HR_TimeSheetTbl,CongNghiHieuHy,LEFT JOIN,CHH.PersonID = TS.PersonID,CHUA_XAC_MINH_DB,CHUA_XAC_MINH_DB,TOP 1 @PeriodID = PeriodID,REQUIRES_CONTRACT_FIXTURE,EXCLUDE_PHASE2
API_BaoCaoChamCongTongHop,HR_TimeSheetTbl,CongNghiKhongPhep,LEFT JOIN,CKP.PersonID = TS.PersonID,CHUA_XAC_MINH_DB,CHUA_XAC_MINH_DB,TOP 1 @PeriodID = PeriodID,REQUIRES_CONTRACT_FIXTURE,EXCLUDE_PHASE2
API_BaoCaoChamCongTongHop,HR_TimeSheetTbl,CongNghiKhongPhep,LEFT JOIN,CKP.PersonID = TS.PersonID,CHUA_XAC_MINH_DB,CHUA_XAC_MINH_DB,TOP 1 @PeriodID = PeriodID,REQUIRES_CONTRACT_FIXTURE,EXCLUDE_PHASE2
API_BaoCaoChamCongTongHop,HR_TimeSheetTbl,CongNghiPhepBuLe,LEFT JOIN,CBL.PersonID = TS.PersonID,CHUA_XAC_MINH_DB,CHUA_XAC_MINH_DB,TOP 1 @PeriodID = PeriodID,REQUIRES_CONTRACT_FIXTURE,EXCLUDE_PHASE2
API_BaoCaoChamCongTongHop,HR_TimeSheetTbl,CongNghiPhepBuLe,LEFT JOIN,CBL.PersonID = TS.PersonID,CHUA_XAC_MINH_DB,CHUA_XAC_MINH_DB,TOP 1 @PeriodID = PeriodID,REQUIRES_CONTRACT_FIXTURE,EXCLUDE_PHASE2
API_BaoCaoChamCongTongHop,HR_TimeSheetTbl,CTE_CongLe,LEFT JOIN,CL.PersonID = TS.PersonID,CHUA_XAC_MINH_DB,CHUA_XAC_MINH_DB,TOP 1 @PeriodID = PeriodID,REQUIRES_CONTRACT_FIXTURE,EXCLUDE_PHASE2
API_BaoCaoChamCongTongHop,HR_TimeSheetTbl,CTE_CongLe,LEFT JOIN,CL.PersonID = TS.PersonID,CHUA_XAC_MINH_DB,CHUA_XAC_MINH_DB,TOP 1 @PeriodID = PeriodID,REQUIRES_CONTRACT_FIXTURE,EXCLUDE_PHASE2
API_BaoCaoChamCongTongHop,HR_TimeSheetTbl,CTE_TongNghi,LEFT JOIN,NP.PersonID = TS.PersonID,CHUA_XAC_MINH_DB,CHUA_XAC_MINH_DB,TOP 1 @PeriodID = PeriodID,REQUIRES_CONTRACT_FIXTURE,EXCLUDE_PHASE2
API_BaoCaoChamCongTongHop,HR_TimeSheetTbl,CTE_TongNghi,LEFT JOIN,NP.PersonID = TS.PersonID,CHUA_XAC_MINH_DB,CHUA_XAC_MINH_DB,TOP 1 @PeriodID = PeriodID,REQUIRES_CONTRACT_FIXTURE,EXCLUDE_PHASE2
API_BaoCaoChamCongTongHop,HR_TimeSheetTbl,HR_DepartmentListTbl,LEFT JOIN,P.PhongBan = DP.PhongBan,CHUA_XAC_MINH_DB,CHUA_XAC_MINH_DB,TOP 1 @PeriodID = PeriodID,REQUIRES_CONTRACT_FIXTURE,EXCLUDE_PHASE2
API_BaoCaoChamCongTongHop,HR_TimeSheetTbl,HR_DepartmentListTbl,LEFT JOIN,P.PhongBan = DP.PhongBan,CHUA_XAC_MINH_DB,CHUA_XAC_MINH_DB,TOP 1 @PeriodID = PeriodID,REQUIRES_CONTRACT_FIXTURE,EXCLUDE_PHASE2
API_BaoCaoChamCongTongHop,HR_TimeSheetTbl,HR_HinhThucNghiListTbl,INNER JOIN,HTN.HinhThucNghi = NP.HinhThucNghiThucTe,CHUA_XAC_MINH_DB,CHUA_XAC_MINH_DB,TOP 1 @PeriodID = PeriodID,REQUIRES_CONTRACT_FIXTURE,EXCLUDE_PHASE2
API_BaoCaoChamCongTongHop,HR_TimeSheetTbl,HR_HinhThucNghiListTbl,INNER JOIN,HTN.HinhThucNghi = NP.HinhThucNghiThucTe,CHUA_XAC_MINH_DB,CHUA_XAC_MINH_DB,TOP 1 @PeriodID = PeriodID,REQUIRES_CONTRACT_FIXTURE,EXCLUDE_PHASE2
API_BaoCaoChamCongTongHop,HR_TimeSheetTbl,HR_HolidayTbl,INNER JOIN,CAST(H.HolidayDate AS DATE) BETWEEN @FromDate AND @ToDate,CHUA_XAC_MINH_DB,CHUA_XAC_MINH_DB,TOP 1 @PeriodID = PeriodID,REQUIRES_CONTRACT_FIXTURE,EXCLUDE_PHASE2
API_BaoCaoChamCongTongHop,HR_TimeSheetTbl,HR_HolidayTbl,LEFT JOIN,CAST(H.HolidayDate AS DATE) = F.Ngay,CHUA_XAC_MINH_DB,CHUA_XAC_MINH_DB,TOP 1 @PeriodID = PeriodID,REQUIRES_CONTRACT_FIXTURE,EXCLUDE_PHASE2
API_BaoCaoChamCongTongHop,HR_TimeSheetTbl,HR_HolidayTbl,INNER JOIN,CAST(H.HolidayDate AS DATE) BETWEEN @FromDate AND @ToDate,CHUA_XAC_MINH_DB,CHUA_XAC_MINH_DB,TOP 1 @PeriodID = PeriodID,REQUIRES_CONTRACT_FIXTURE,EXCLUDE_PHASE2
API_BaoCaoChamCongTongHop,HR_TimeSheetTbl,HR_HolidayTbl,LEFT JOIN,CAST(H.HolidayDate AS DATE) = N.Ngay,CHUA_XAC_MINH_DB,CHUA_XAC_MINH_DB,TOP 1 @PeriodID = PeriodID,REQUIRES_CONTRACT_FIXTURE,EXCLUDE_PHASE2
API_BaoCaoChamCongTongHop,HR_TimeSheetTbl,HR_HolidayTbl,INNER JOIN,CAST(H.HolidayDate AS DATE) BETWEEN @FromDate AND @ToDate,CHUA_XAC_MINH_DB,CHUA_XAC_MINH_DB,TOP 1 @PeriodID = PeriodID,REQUIRES_CONTRACT_FIXTURE,EXCLUDE_PHASE2
API_BaoCaoChamCongTongHop,HR_TimeSheetTbl,HR_HolidayTbl,LEFT JOIN,CAST(H.HolidayDate AS DATE) = F.Ngay,CHUA_XAC_MINH_DB,CHUA_XAC_MINH_DB,TOP 1 @PeriodID = PeriodID,REQUIRES_CONTRACT_FIXTURE,EXCLUDE_PHASE2
API_BaoCaoChamCongTongHop,HR_TimeSheetTbl,HR_HolidayTbl,INNER JOIN,CAST(H.HolidayDate AS DATE) BETWEEN @FromDate AND @ToDate,CHUA_XAC_MINH_DB,CHUA_XAC_MINH_DB,TOP 1 @PeriodID = PeriodID,REQUIRES_CONTRACT_FIXTURE,EXCLUDE_PHASE2
API_BaoCaoChamCongTongHop,HR_TimeSheetTbl,HR_HolidayTbl,LEFT JOIN,CAST(H.HolidayDate AS DATE) = N.Ngay,CHUA_XAC_MINH_DB,CHUA_XAC_MINH_DB,TOP 1 @PeriodID = PeriodID,REQUIRES_CONTRACT_FIXTURE,EXCLUDE_PHASE2
API_BaoCaoChamCongTongHop,HR_TimeSheetTbl,HR_NghiPhepDetailTbl,INNER JOIN,M.DocumentID = DT.DocumentID,CHUA_XAC_MINH_DB,CHUA_XAC_MINH_DB,TOP 1 @PeriodID = PeriodID,REQUIRES_CONTRACT_FIXTURE,EXCLUDE_PHASE2
API_BaoCaoChamCongTongHop,HR_TimeSheetTbl,HR_NghiPhepDetailTbl,INNER JOIN,M.DocumentID = DT.DocumentID,CHUA_XAC_MINH_DB,CHUA_XAC_MINH_DB,TOP 1 @PeriodID = PeriodID,REQUIRES_CONTRACT_FIXTURE,EXCLUDE_PHASE2
API_BaoCaoChamCongTongHop,HR_TimeSheetTbl,HR_NghiPhepDetailTbl,INNER JOIN,M.DocumentID = DT.DocumentID,CHUA_XAC_MINH_DB,CHUA_XAC_MINH_DB,TOP 1 @PeriodID = PeriodID,REQUIRES_CONTRACT_FIXTURE,EXCLUDE_PHASE2
API_BaoCaoChamCongTongHop,HR_TimeSheetTbl,HR_NghiPhepDetailTbl,INNER JOIN,M.DocumentID = DT.DocumentID,CHUA_XAC_MINH_DB,CHUA_XAC_MINH_DB,TOP 1 @PeriodID = PeriodID,REQUIRES_CONTRACT_FIXTURE,EXCLUDE_PHASE2
API_BaoCaoChamCongTongHop,HR_TimeSheetTbl,HR_PersonNghiPhepTbl,LEFT JOIN,TS.PersonID = NPYear.PersonID AND NPYear.Nam = YEAR(@FromDate),CHUA_XAC_MINH_DB,CHUA_XAC_MINH_DB,TOP 1 @PeriodID = PeriodID,REQUIRES_CONTRACT_FIXTURE,EXCLUDE_PHASE2
API_BaoCaoChamCongTongHop,HR_TimeSheetTbl,HR_PersonNghiPhepTbl,LEFT JOIN,TS.PersonID = NPYear.PersonID AND NPYear.Nam = YEAR(@FromDate),CHUA_XAC_MINH_DB,CHUA_XAC_MINH_DB,TOP 1 @PeriodID = PeriodID,REQUIRES_CONTRACT_FIXTURE,EXCLUDE_PHASE2
API_BaoCaoChamCongTongHop,HR_TimeSheetTbl,HR_PersonTbl,LEFT JOIN,TS.PersonID = P.PersonID,CHUA_XAC_MINH_DB,CHUA_XAC_MINH_DB,TOP 1 @PeriodID = PeriodID,REQUIRES_CONTRACT_FIXTURE,EXCLUDE_PHASE2
API_BaoCaoChamCongTongHop,HR_TimeSheetTbl,HR_PersonTbl,LEFT JOIN,TS.PersonID = P.PersonID,CHUA_XAC_MINH_DB,CHUA_XAC_MINH_DB,TOP 1 @PeriodID = PeriodID,REQUIRES_CONTRACT_FIXTURE,EXCLUDE_PHASE2
API_BaoCaoChamCongTongHop,HR_TimeSheetTbl,HR_TimeSheetDayTbl,LEFT JOIN,PE.PersonID = D.PersonID AND CAST(D.Ngay AS DATE) = F.Ngay AND D.PeriodID = @PeriodID,CHUA_XAC_MINH_DB,CHUA_XAC_MINH_DB,TOP 1 @PeriodID = PeriodID,REQUIRES_CONTRACT_FIXTURE,EXCLUDE_PHASE2
API_BaoCaoChamCongTongHop,HR_TimeSheetTbl,HR_TimeSheetDayTbl,LEFT JOIN,TS.PersonID = D.PersonID AND CAST(D.Ngay AS DATE) = N.Ngay AND D.PeriodID = TS.PeriodID,CHUA_XAC_MINH_DB,CHUA_XAC_MINH_DB,TOP 1 @PeriodID = PeriodID,REQUIRES_CONTRACT_FIXTURE,EXCLUDE_PHASE2
API_BaoCaoChamCongTongHop,HR_TimeSheetTbl,HR_TimeSheetDayTbl,LEFT JOIN,PE.PersonID = D.PersonID AND CAST(D.Ngay AS DATE) = F.Ngay AND D.PeriodID = @PeriodID,CHUA_XAC_MINH_DB,CHUA_XAC_MINH_DB,TOP 1 @PeriodID = PeriodID,REQUIRES_CONTRACT_FIXTURE,EXCLUDE_PHASE2
API_BaoCaoChamCongTongHop,HR_TimeSheetTbl,HR_TimeSheetDayTbl,LEFT JOIN,TS.PersonID = D.PersonID AND CAST(D.Ngay AS DATE) = N.Ngay AND D.PeriodID = TS.PeriodID,CHUA_XAC_MINH_DB,CHUA_XAC_MINH_DB,TOP 1 @PeriodID = PeriodID,REQUIRES_CONTRACT_FIXTURE,EXCLUDE_PHASE2
API_BaoCaoChamCongTongHop,HR_TimeSheetTbl,LuongKhoan,LEFT JOIN,LK.PersonID = TS.PersonID,CHUA_XAC_MINH_DB,CHUA_XAC_MINH_DB,TOP 1 @PeriodID = PeriodID,REQUIRES_CONTRACT_FIXTURE,EXCLUDE_PHASE2
API_BaoCaoChamCongTongHop,HR_TimeSheetTbl,LuongKhoan,LEFT JOIN,LK.PersonID = TS.PersonID,CHUA_XAC_MINH_DB,CHUA_XAC_MINH_DB,TOP 1 @PeriodID = PeriodID,REQUIRES_CONTRACT_FIXTURE,EXCLUDE_PHASE2
API_BaoCaoChamCongTongHop,HR_TimeSheetTbl,NghiPhep,LEFT JOIN,PE.PersonID = NP.PersonID AND NP.Ngay = F.Ngay,CHUA_XAC_MINH_DB,CHUA_XAC_MINH_DB,TOP 1 @PeriodID = PeriodID,REQUIRES_CONTRACT_FIXTURE,EXCLUDE_PHASE2
API_BaoCaoChamCongTongHop,HR_TimeSheetTbl,NghiPhep,LEFT JOIN,TS.PersonID = NP.PersonID AND NP.Ngay = N.Ngay,CHUA_XAC_MINH_DB,CHUA_XAC_MINH_DB,TOP 1 @PeriodID = PeriodID,REQUIRES_CONTRACT_FIXTURE,EXCLUDE_PHASE2
API_BaoCaoChamCongTongHop,HR_TimeSheetTbl,NghiPhep,LEFT JOIN,PE.PersonID = NP.PersonID AND NP.Ngay = F.Ngay,CHUA_XAC_MINH_DB,CHUA_XAC_MINH_DB,TOP 1 @PeriodID = PeriodID,REQUIRES_CONTRACT_FIXTURE,EXCLUDE_PHASE2
API_BaoCaoChamCongTongHop,HR_TimeSheetTbl,NghiPhep,LEFT JOIN,TS.PersonID = NP.PersonID AND NP.Ngay = N.Ngay,CHUA_XAC_MINH_DB,CHUA_XAC_MINH_DB,TOP 1 @PeriodID = PeriodID,REQUIRES_CONTRACT_FIXTURE,EXCLUDE_PHASE2
API_BaoCaoLuong,HR_TimeSheetTbl,#ChamCongGom,LEFT JOIN,CC.PersonID = PR.PersonID AND CC.PeriodID = PR.PeriodID,CHUA_XAC_MINH_DB,CHUA_XAC_MINH_DB,TOP 1 @PeriodID = PeriodID,REQUIRES_CONTRACT_FIXTURE,EXCLUDE_PHASE2
API_BaoCaoLuong,HR_TimeSheetTbl,#ChamCongGom,LEFT JOIN,CC.PersonID = PR.PersonID AND CC.PeriodID = PR.PeriodID,CHUA_XAC_MINH_DB,CHUA_XAC_MINH_DB,TOP 1 @PeriodID = PeriodID,REQUIRES_CONTRACT_FIXTURE,EXCLUDE_PHASE2
API_BaoCaoLuong,HR_TimeSheetTbl,#DetailPivot,LEFT JOIN,DV.DocumentID = PR.DocumentID,CHUA_XAC_MINH_DB,CHUA_XAC_MINH_DB,TOP 1 @PeriodID = PeriodID,REQUIRES_CONTRACT_FIXTURE,EXCLUDE_PHASE2
API_BaoCaoLuong,HR_TimeSheetTbl,#DetailPivot,LEFT JOIN,DV.DocumentID = PR.DocumentID,CHUA_XAC_MINH_DB,CHUA_XAC_MINH_DB,TOP 1 @PeriodID = PeriodID,REQUIRES_CONTRACT_FIXTURE,EXCLUDE_PHASE2
API_BaoCaoLuong,HR_TimeSheetTbl,HR_HolidayTbl,LEFT JOIN,CAST(H.HolidayDate AS DATE) = CAST(TS.DocumentDate AS DATE),CHUA_XAC_MINH_DB,CHUA_XAC_MINH_DB,TOP 1 @PeriodID = PeriodID,REQUIRES_CONTRACT_FIXTURE,EXCLUDE_PHASE2
API_BaoCaoLuong,HR_TimeSheetTbl,HR_HolidayTbl,LEFT JOIN,CAST(H.HolidayDate AS DATE) = CAST(TS.DocumentDate AS DATE),CHUA_XAC_MINH_DB,CHUA_XAC_MINH_DB,TOP 1 @PeriodID = PeriodID,REQUIRES_CONTRACT_FIXTURE,EXCLUDE_PHASE2
API_BaoCaoLuong,HR_TimeSheetTbl,HR_PersonTbl,LEFT JOIN,P.PersonID = PR.PersonID,CHUA_XAC_MINH_DB,CHUA_XAC_MINH_DB,TOP 1 @PeriodID = PeriodID,REQUIRES_CONTRACT_FIXTURE,EXCLUDE_PHASE2
API_BaoCaoLuong,HR_TimeSheetTbl,HR_PersonTbl,LEFT JOIN,P.PersonID = PR.PersonID,CHUA_XAC_MINH_DB,CHUA_XAC_MINH_DB,TOP 1 @PeriodID = PeriodID,REQUIRES_CONTRACT_FIXTURE,EXCLUDE_PHASE2
API_BaoCaoNghiPhepReportStp,HR_TimeSheetTbl,HR_NghiPhepDetailTbl,INNER JOIN,M.DocumentID = DT.DocumentID,CHUA_XAC_MINH_DB,CHUA_XAC_MINH_DB,TOP 1 @PeriodID = PeriodID,REQUIRES_CONTRACT_FIXTURE,EXCLUDE_PHASE2
API_BaoCaoNghiPhepReportStp,HR_TimeSheetTbl,HR_NghiPhepDetailTbl,INNER JOIN,M.DocumentID = DT.DocumentID,CHUA_XAC_MINH_DB,CHUA_XAC_MINH_DB,TOP 1 @PeriodID = PeriodID,REQUIRES_CONTRACT_FIXTURE,EXCLUDE_PHASE2
API_BaoCaoNghiPhepReportStp,HR_TimeSheetTbl,HR_PersonNghiPhepTbl,LEFT JOIN,PE.PersonID = p.PersonID AND p.Nam = @NamBC,CHUA_XAC_MINH_DB,CHUA_XAC_MINH_DB,TOP 1 @PeriodID = PeriodID,REQUIRES_CONTRACT_FIXTURE,EXCLUDE_PHASE2
API_BaoCaoNghiPhepReportStp,HR_TimeSheetTbl,HR_PersonNghiPhepTbl,LEFT JOIN,PE.PersonID = p.PersonID AND p.Nam = @NamBC,CHUA_XAC_MINH_DB,CHUA_XAC_MINH_DB,TOP 1 @PeriodID = PeriodID,REQUIRES_CONTRACT_FIXTURE,EXCLUDE_PHASE2
API_BaoCaoNghiPhepReportStp,HR_TimeSheetTbl,MonthlyLeave_CTE,LEFT JOIN,PE.PersonID = m.PersonID,CHUA_XAC_MINH_DB,CHUA_XAC_MINH_DB,TOP 1 @PeriodID = PeriodID,REQUIRES_CONTRACT_FIXTURE,EXCLUDE_PHASE2
API_BaoCaoNghiPhepReportStp,HR_TimeSheetTbl,MonthlyLeave_CTE,LEFT JOIN,PE.PersonID = m.PersonID,CHUA_XAC_MINH_DB,CHUA_XAC_MINH_DB,TOP 1 @PeriodID = PeriodID,REQUIRES_CONTRACT_FIXTURE,EXCLUDE_PHASE2
API_BaoCaoNhanSuReportStp,HR_PersonTbl,HR_BaoHiemTbl,INNER JOIN,BH.DocumentID = CT.DocumentID,CHUA_XAC_MINH_DB,CHUA_XAC_MINH_DB,@SoLuongTang = COUNT(1),REQUIRES_CONTRACT_FIXTURE,EXCLUDE_PHASE2
API_BaoCaoNhanSuReportStp,HR_PersonTbl,HR_BaoHiemTbl,INNER JOIN,BH.DocumentID = CT.DocumentID,CHUA_XAC_MINH_DB,CHUA_XAC_MINH_DB,@SoLuongTang = COUNT(1),REQUIRES_CONTRACT_FIXTURE,EXCLUDE_PHASE2
API_BaoCaoNhanSuReportStp,HR_PersonTbl,HR_BaoHiemTbl,INNER JOIN,BH.DocumentID = CT.DocumentID,CHUA_XAC_MINH_DB,CHUA_XAC_MINH_DB,@SoLuongTang = COUNT(1),REQUIRES_CONTRACT_FIXTURE,EXCLUDE_PHASE2
API_BaoCaoNhanSuReportStp,HR_PersonTbl,HR_BaoHiemTbl,INNER JOIN,BH.DocumentID = CT.DocumentID,CHUA_XAC_MINH_DB,CHUA_XAC_MINH_DB,@SoLuongTang = COUNT(1),REQUIRES_CONTRACT_FIXTURE,EXCLUDE_PHASE2
API_BaoCaoNhanSuReportStp,HR_PersonTbl,HR_BaoHiemTbl,INNER JOIN,BH.DocumentID = CT.DocumentID,CHUA_XAC_MINH_DB,CHUA_XAC_MINH_DB,@SoLuongTang = COUNT(1),REQUIRES_CONTRACT_FIXTURE,EXCLUDE_PHASE2
API_BaoCaoNhanSuReportStp,HR_PersonTbl,HR_BaoHiemTbl,INNER JOIN,BH.DocumentID = CT.DocumentID,CHUA_XAC_MINH_DB,CHUA_XAC_MINH_DB,@SoLuongTang = COUNT(1),REQUIRES_CONTRACT_FIXTURE,EXCLUDE_PHASE2
API_BaoCaoNhanSuReportStp,HR_PersonTbl,HR_PersonStatusTbl,LEFT JOIN,PS.PersonStatus = P.PersonStatus,CHUA_XAC_MINH_DB,CHUA_XAC_MINH_DB,@SoLuongTang = COUNT(1),REQUIRES_CONTRACT_FIXTURE,EXCLUDE_PHASE2
API_BaoCaoNhanSuReportStp,HR_PersonTbl,HR_PersonStatusTbl,LEFT JOIN,PS.PersonStatus = P.PersonStatus,CHUA_XAC_MINH_DB,CHUA_XAC_MINH_DB,@SoLuongTang = COUNT(1),REQUIRES_CONTRACT_FIXTURE,EXCLUDE_PHASE2
API_BaoHiem_Detail,HR_BaoHiemChiTietTbl,HR_HopDongTbl,LEFT JOIN,CT.PersonID = H.PersonID,CHUA_XAC_MINH_DB,HIGH_PERSON_HAS_MULTIPLE_CONTRACTS,"CT.UserAutoID, CT.DocumentID, CT.PersonID, P.PersonName, P.PhongBan, P.TitleName, ISNULL(H.ChucDanhChuyenMonHD, P.ChucDanhChuyenMon) AS ChucDanhChuyenMon, CT.MucDong, CT.MucDongBHXHNLD, CT.MucDongBHXHNSDLD, CT.MucDongBHYTNLD, CT.MucDongBHYTNSDLD, CT.MucDongBHTNNLD, CT.MucDongBHTNNSDLD, CT.GhiChu",REQUIRES_CONTRACT_FIXTURE,EXCLUDE_PHASE2
API_BaoHiem_Detail,HR_BaoHiemChiTietTbl,HR_HopDongTbl,LEFT JOIN,CT.PersonID = H.PersonID,CHUA_XAC_MINH_DB,HIGH_PERSON_HAS_MULTIPLE_CONTRACTS,"CT.UserAutoID, CT.DocumentID, CT.PersonID, P.PersonName, P.PhongBan, P.TitleName, ISNULL(H.ChucDanhChuyenMonHD, P.ChucDanhChuyenMon) AS ChucDanhChuyenMon, CT.MucDong, CT.MucDongBHXHNLD, CT.MucDongBHXHNSDLD, CT.MucDongBHYTNLD, CT.MucDongBHYTNSDLD, CT.MucDongBHTNNLD, CT.MucDongBHTNNSDLD, CT.GhiChu",REQUIRES_CONTRACT_FIXTURE,EXCLUDE_PHASE2
API_BaoHiem_Detail,HR_BaoHiemChiTietTbl,HR_PersonTbl,LEFT JOIN,CT.PersonID = P.PersonID,CHUA_XAC_MINH_DB,CHUA_XAC_MINH_DB,"CT.UserAutoID, CT.DocumentID, CT.PersonID, P.PersonName, P.PhongBan, P.TitleName, ISNULL(H.ChucDanhChuyenMonHD, P.ChucDanhChuyenMon) AS ChucDanhChuyenMon, CT.MucDong, CT.MucDongBHXHNLD, CT.MucDongBHXHNSDLD, CT.MucDongBHYTNLD, CT.MucDongBHYTNSDLD, CT.MucDongBHTNNLD, CT.MucDongBHTNNSDLD, CT.GhiChu",REQUIRES_CONTRACT_FIXTURE,EXCLUDE_PHASE2
API_BaoHiem_Detail,HR_BaoHiemChiTietTbl,HR_PersonTbl,LEFT JOIN,CT.PersonID = P.PersonID,CHUA_XAC_MINH_DB,CHUA_XAC_MINH_DB,"CT.UserAutoID, CT.DocumentID, CT.PersonID, P.PersonName, P.PhongBan, P.TitleName, ISNULL(H.ChucDanhChuyenMonHD, P.ChucDanhChuyenMon) AS ChucDanhChuyenMon, CT.MucDong, CT.MucDongBHXHNLD, CT.MucDongBHXHNSDLD, CT.MucDongBHYTNLD, CT.MucDongBHYTNSDLD, CT.MucDongBHTNNLD, CT.MucDongBHTNNSDLD, CT.GhiChu",REQUIRES_CONTRACT_FIXTURE,EXCLUDE_PHASE2
API_BaoHiem_PersonLookup,HR_PersonTbl,HR_BaoHiemTbl,INNER JOIN,H.DocumentID = CT.DocumentID,CHUA_XAC_MINH_DB,CHUA_XAC_MINH_DB,"P.PersonID, P.PersonName, P.PhongBan, ISNULL(BH.MucDong, 0) AS MucDong, CASE WHEN BH.PersonID IS NOT NULL THEN N'!!! ĐÃ CÓ BH TẠI KỲ: ' + CAST(BH.PeriodID AS VARCHAR) + N' (Chứng từ: ' + BH.DocumentID + ')' ELSE '' END AS CanhBao",REQUIRES_CONTRACT_FIXTURE,EXCLUDE_PHASE2
API_BaoHiem_PersonLookup,HR_PersonTbl,HR_BaoHiemTbl,INNER JOIN,H.DocumentID = CT.DocumentID,CHUA_XAC_MINH_DB,CHUA_XAC_MINH_DB,"P.PersonID, P.PersonName, P.PhongBan, ISNULL(BH.MucDong, 0) AS MucDong, CASE WHEN BH.PersonID IS NOT NULL THEN N'!!! ÄÃƒ CÃ“ BH Táº I Ká»²: ' + CAST(BH.PeriodID AS VARCHAR) + N' (Chá»©ng tá»«: ' + BH.DocumentID + ')' ELSE '' END AS CanhBao",REQUIRES_CONTRACT_FIXTURE,EXCLUDE_PHASE2
API_CaLamViec_ChiTiet,HR_SapCaChiTietTbl,HR_PersonTbl,LEFT JOIN,P.PersonID = CT.PersonID,CHUA_XAC_MINH_DB,CHUA_XAC_MINH_DB,"CT.UserAutoID, CT.SapCaID, CT.PersonID, P.PersonName, P.PhongBan, CONVERT(NVARCHAR(10), CT.NgayLamViec, 103) AS NgayLamViec, CT.ShiftID, SL.ShiftName, CT.TrangThaiThucTe, CT.GhiChu",REQUIRES_CONTRACT_FIXTURE,KEEP_EXPLICIT_OR_REWRITE_SAFE_JOIN
API_CaLamViec_ChiTiet,HR_SapCaChiTietTbl,HR_PersonTbl,LEFT JOIN,P.PersonID = CT.PersonID,CHUA_XAC_MINH_DB,CHUA_XAC_MINH_DB,"CT.UserAutoID, CT.SapCaID, CT.PersonID, P.PersonName, P.PhongBan, CONVERT(NVARCHAR(10), CT.NgayLamViec, 103) AS NgayLamViec, CT.ShiftID, SL.ShiftName, CT.TrangThaiThucTe, CT.GhiChu",REQUIRES_CONTRACT_FIXTURE,KEEP_EXPLICIT_OR_REWRITE_SAFE_JOIN
API_CaLamViec_ChiTiet,HR_SapCaChiTietTbl,HR_ShiftListTbl,LEFT JOIN,SL.ShiftID = CT.ShiftID,CHUA_XAC_MINH_DB,CHUA_XAC_MINH_DB,"CT.UserAutoID, CT.SapCaID, CT.PersonID, P.PersonName, P.PhongBan, CONVERT(NVARCHAR(10), CT.NgayLamViec, 103) AS NgayLamViec, CT.ShiftID, SL.ShiftName, CT.TrangThaiThucTe, CT.GhiChu",REQUIRES_CONTRACT_FIXTURE,KEEP_EXPLICIT_OR_REWRITE_SAFE_JOIN
API_CaLamViec_ChiTiet,HR_SapCaChiTietTbl,HR_ShiftListTbl,LEFT JOIN,SL.ShiftID = CT.ShiftID,CHUA_XAC_MINH_DB,CHUA_XAC_MINH_DB,"CT.UserAutoID, CT.SapCaID, CT.PersonID, P.PersonName, P.PhongBan, CONVERT(NVARCHAR(10), CT.NgayLamViec, 103) AS NgayLamViec, CT.ShiftID, SL.ShiftName, CT.TrangThaiThucTe, CT.GhiChu",REQUIRES_CONTRACT_FIXTURE,KEEP_EXPLICIT_OR_REWRITE_SAFE_JOIN
API_CaLamViec_NhanVien,HR_SapCaNhanVienTbl,HR_PersonTbl,LEFT JOIN,P.PersonID = NV.PersonID,CHUA_XAC_MINH_DB,CHUA_XAC_MINH_DB,"NV.UserAutoID, NV.SapCaID, NV.PersonID, P.PersonName, P.PhongBan, P.BranchID, NV.GhiChu",REQUIRES_CONTRACT_FIXTURE,KEEP_EXPLICIT_OR_REWRITE_SAFE_JOIN
API_CaLamViec_NhanVien,HR_SapCaNhanVienTbl,HR_PersonTbl,LEFT JOIN,P.PersonID = NV.PersonID,CHUA_XAC_MINH_DB,CHUA_XAC_MINH_DB,"NV.UserAutoID, NV.SapCaID, NV.PersonID, P.PersonName, P.PhongBan, P.BranchID, NV.GhiChu",REQUIRES_CONTRACT_FIXTURE,KEEP_EXPLICIT_OR_REWRITE_SAFE_JOIN
API_Calculate_MucDong_CongDoan,HR_PersonView,HR_BaoHiemChiTietTbl,LEFT JOIN,PV.PersonID = BHCT.PersonID,CHUA_XAC_MINH_DB,CRITICAL_POSSIBLE_N_X_M,"PV.PersonID, PV.PersonName, BHCT.MucDong, ISNULL(HD.ChucDanhChuyenMonHD, PV.ChucDanhChuyenMon) AS ChucDanhChuyenMon, PV.BranchID, CAST(ISNULL(BHCT.MucDong, 0) * 0.02 AS DECIMAL(18,2)) AS KinhPhiNopCongDoanVN, CAST(ISNULL(BHCT.MucDong, 0) * 0.02 * 0.25 AS DECIMAL(18,2)) AS CongDoanVN, CAST(ISNULL(BHCT.MucDong, 0) * 0.02 * 0.75 AS DECIMAL(18,2)) AS CongDoanCTY",REQUIRES_CONTRACT_FIXTURE,EXCLUDE_PHASE2
API_Calculate_MucDong_CongDoan,HR_PersonView,HR_BaoHiemChiTietTbl,LEFT JOIN,PV.PersonID = BHCT.PersonID,CHUA_XAC_MINH_DB,CRITICAL_POSSIBLE_N_X_M,"PV.PersonID, PV.PersonName, BHCT.MucDong, ISNULL(HD.ChucDanhChuyenMonHD, PV.ChucDanhChuyenMon) AS ChucDanhChuyenMon, PV.BranchID, CAST(ISNULL(BHCT.MucDong, 0) * 0.02 AS DECIMAL(18,2)) AS KinhPhiNopCongDoanVN, CAST(ISNULL(BHCT.MucDong, 0) * 0.02 * 0.25 AS DECIMAL(18,2)) AS CongDoanVN, CAST(ISNULL(BHCT.MucDong, 0) * 0.02 * 0.75 AS DECIMAL(18,2)) AS CongDoanCTY",REQUIRES_CONTRACT_FIXTURE,EXCLUDE_PHASE2
API_Calculate_MucDong_CongDoan,HR_PersonView,HR_HopDongTbl,LEFT JOIN,PV.PersonID = HD.PersonID,CHUA_XAC_MINH_DB,CRITICAL_POSSIBLE_N_X_M,"PV.PersonID, PV.PersonName, BHCT.MucDong, ISNULL(HD.ChucDanhChuyenMonHD, PV.ChucDanhChuyenMon) AS ChucDanhChuyenMon, PV.BranchID, CAST(ISNULL(BHCT.MucDong, 0) * 0.02 AS DECIMAL(18,2)) AS KinhPhiNopCongDoanVN, CAST(ISNULL(BHCT.MucDong, 0) * 0.02 * 0.25 AS DECIMAL(18,2)) AS CongDoanVN, CAST(ISNULL(BHCT.MucDong, 0) * 0.02 * 0.75 AS DECIMAL(18,2)) AS CongDoanCTY",REQUIRES_CONTRACT_FIXTURE,EXCLUDE_PHASE2
API_Calculate_MucDong_CongDoan,HR_PersonView,HR_HopDongTbl,LEFT JOIN,PV.PersonID = HD.PersonID,CHUA_XAC_MINH_DB,CRITICAL_POSSIBLE_N_X_M,"PV.PersonID, PV.PersonName, BHCT.MucDong, ISNULL(HD.ChucDanhChuyenMonHD, PV.ChucDanhChuyenMon) AS ChucDanhChuyenMon, PV.BranchID, CAST(ISNULL(BHCT.MucDong, 0) * 0.02 AS DECIMAL(18,2)) AS KinhPhiNopCongDoanVN, CAST(ISNULL(BHCT.MucDong, 0) * 0.02 * 0.25 AS DECIMAL(18,2)) AS CongDoanVN, CAST(ISNULL(BHCT.MucDong, 0) * 0.02 * 0.75 AS DECIMAL(18,2)) AS CongDoanCTY",REQUIRES_CONTRACT_FIXTURE,EXCLUDE_PHASE2
API_DanhSachTruongGiaoDien,SY_FormatFields,SY_FrmLstTbl,LEFT JOIN,ff.FormName = l.FormID,CHUA_XAC_MINH_DB,CHUA_XAC_MINH_DB,"ff.AutoID, ff.FormName, ff.FieldName, ff.CaptionVN, ff.FormatID, ff.CaptionEN, ff.DataSource, ff.IsRequired, ff.FormPosition, ff.ValidateRule, ff.DependsOn, ff.VisibleRule, ff.OrderNo, ISNULL(ff.ShowInAdd, 1) AS ShowInAdd, ISNULL(ff.ShowInEdit, 1) AS ShowInEdit, ISNULL(ff.IsReadOnlyEdit, 0) AS IsReadOnlyEdit, ISNULL(ff.IsReadOnlyAdd, 0) AS IsReadOnlyAdd, ISNULL(ff.ShowInFilter, 0) AS ShowInFilter",REQUIRES_CONTRACT_FIXTURE,KEEP_EXPLICIT_OR_REWRITE_SAFE_JOIN
API_DanhSachTruongGiaoDien,SY_FormatFields,SY_FrmLstTbl,LEFT JOIN,ff.FormName = l.FormID,CHUA_XAC_MINH_DB,CHUA_XAC_MINH_DB,"ff.AutoID, ff.FormName, ff.FieldName, ff.CaptionVN, ff.FormatID, ff.CaptionEN, ff.DataSource, ff.IsRequired, ff.FormPosition, ff.ValidateRule, ff.DependsOn, ff.VisibleRule, ff.OrderNo, ISNULL(ff.ShowInAdd, 1) AS ShowInAdd, ISNULL(ff.ShowInEdit, 1) AS ShowInEdit, ISNULL(ff.IsReadOnlyEdit, 0) AS IsReadOnlyEdit, ISNULL(ff.IsReadOnlyAdd, 0) AS IsReadOnlyAdd, ISNULL(ff.ShowInFilter, 0) AS ShowInFilter",REQUIRES_CONTRACT_FIXTURE,KEEP_EXPLICIT_OR_REWRITE_SAFE_JOIN
API_HopDongLaoDong_ChiTiet,HR_HopDongDetailTbl,HR_BangPhuCapTbl,LEFT JOIN,D.MaPhuCap = P.MaPhuCap,CHUA_XAC_MINH_DB,CHUA_XAC_MINH_DB,"D.UserAutoID, D.MaHopDong, D.MaPhuCap, ISNULL(D.TenPhuCap, P.TenPhuCap) AS TenPhuCap, D.TienPhuCap, P.TienPhuCapNgay, P.TienPhuCapThang, D.GhiChu",REQUIRES_CONTRACT_FIXTURE,KEEP_EXPLICIT_OR_REWRITE_SAFE_JOIN
API_HopDongLaoDong_ChiTiet,HR_HopDongDetailTbl,HR_BangPhuCapTbl,LEFT JOIN,D.MaPhuCap = P.MaPhuCap,CHUA_XAC_MINH_DB,CHUA_XAC_MINH_DB,"D.UserAutoID, D.MaHopDong, D.MaPhuCap, ISNULL(D.TenPhuCap, P.TenPhuCap) AS TenPhuCap, D.TienPhuCap, P.TienPhuCapNgay, P.TienPhuCapThang, D.GhiChu",REQUIRES_CONTRACT_FIXTURE,KEEP_EXPLICIT_OR_REWRITE_SAFE_JOIN
API_HopDongLaoDong,HR_HopDongTbl,HR_PersonStatusTbl,LEFT JOIN,H.PersonStatus = S.PersonStatus,CHUA_XAC_MINH_DB,REQUIRES_PK_UNIQUENESS_TEST,"H.MaHopDong, H.PersonID, P.PersonName AS PersonName, H.NgayKyHopDong, H.NoiDung, H.LoaiHopDong, H.ThoiGianLamViec, H.NgayCoHieuLuc, H.NgayHetHieuLuc, H.PhuongTien, H.HinhThucTraLuong, H.LuongCoBan, H.NguoiKy, H.ChucDanhChuyenMonHD, H.ChucVuNguoiKy, H.DiaDiemLamViec, H.PersonStatus, S.PersonStatusName, H.UserCreate, H.UserUpdate, H.DateUpdate, H.DateCreate, H.LoaiTien, H.NamLap, H.LoaiHD, H.MucDong, H.ThoiGianThuViec, P.BranchID, P.CMND, P.CMNDNgayCap, P.CMNDNoiCap, P.DiaChiThuongTru",REQUIRES_CONTRACT_FIXTURE,KEEP_EXPLICIT_OR_REWRITE_SAFE_JOIN
API_HopDongLaoDong,HR_HopDongTbl,HR_PersonStatusTbl,LEFT JOIN,H.PersonStatus = S.PersonStatus,CHUA_XAC_MINH_DB,REQUIRES_PK_UNIQUENESS_TEST,"H.MaHopDong, H.PersonID, P.PersonName AS PersonName, H.NgayKyHopDong, H.NoiDung, H.LoaiHopDong, H.ThoiGianLamViec, H.NgayCoHieuLuc, H.NgayHetHieuLuc, H.PhuongTien, H.HinhThucTraLuong, H.LuongCoBan, H.NguoiKy, H.ChucDanhChuyenMonHD, H.ChucVuNguoiKy, H.DiaDiemLamViec, H.PersonStatus, S.PersonStatusName, H.UserCreate, H.UserUpdate, H.DateUpdate, H.DateCreate, H.LoaiTien, H.NamLap, H.LoaiHD, H.MucDong, H.ThoiGianThuViec, P.BranchID, P.CMND, P.CMNDNgayCap, P.CMNDNoiCap, P.DiaChiThuongTru",REQUIRES_CONTRACT_FIXTURE,KEEP_EXPLICIT_OR_REWRITE_SAFE_JOIN
API_HopDongLaoDong,HR_HopDongTbl,HR_PersonTbl,LEFT JOIN,H.PersonID = P.PersonID,CHUA_XAC_MINH_DB,REQUIRES_PK_UNIQUENESS_TEST,"H.MaHopDong, H.PersonID, P.PersonName AS PersonName, H.NgayKyHopDong, H.NoiDung, H.LoaiHopDong, H.ThoiGianLamViec, H.NgayCoHieuLuc, H.NgayHetHieuLuc, H.PhuongTien, H.HinhThucTraLuong, H.LuongCoBan, H.NguoiKy, H.ChucDanhChuyenMonHD, H.ChucVuNguoiKy, H.DiaDiemLamViec, H.PersonStatus, S.PersonStatusName, H.UserCreate, H.UserUpdate, H.DateUpdate, H.DateCreate, H.LoaiTien, H.NamLap, H.LoaiHD, H.MucDong, H.ThoiGianThuViec, P.BranchID, P.CMND, P.CMNDNgayCap, P.CMNDNoiCap, P.DiaChiThuongTru",REQUIRES_CONTRACT_FIXTURE,KEEP_EXPLICIT_OR_REWRITE_SAFE_JOIN
API_HopDongLaoDong,HR_HopDongTbl,HR_PersonTbl,LEFT JOIN,H.PersonID = P.PersonID,CHUA_XAC_MINH_DB,REQUIRES_PK_UNIQUENESS_TEST,"H.MaHopDong, H.PersonID, P.PersonName AS PersonName, H.NgayKyHopDong, H.NoiDung, H.LoaiHopDong, H.ThoiGianLamViec, H.NgayCoHieuLuc, H.NgayHetHieuLuc, H.PhuongTien, H.HinhThucTraLuong, H.LuongCoBan, H.NguoiKy, H.ChucDanhChuyenMonHD, H.ChucVuNguoiKy, H.DiaDiemLamViec, H.PersonStatus, S.PersonStatusName, H.UserCreate, H.UserUpdate, H.DateUpdate, H.DateCreate, H.LoaiTien, H.NamLap, H.LoaiHD, H.MucDong, H.ThoiGianThuViec, P.BranchID, P.CMND, P.CMNDNgayCap, P.CMNDNoiCap, P.DiaChiThuongTru",REQUIRES_CONTRACT_FIXTURE,KEEP_EXPLICIT_OR_REWRITE_SAFE_JOIN
API_HoSoNhanVien,HR_PersonTbl,HR_PersonStatusTbl,LEFT JOIN,P.PersonStatus = S.PersonStatus,CHUA_XAC_MINH_DB,CHUA_XAC_MINH_DB,"P.PersonID, P.PersonName, P.PhongBan, P.TitleName, P.ChucDanhChuyenMon, P.NgaySinh, P.CMND, P.DiaChiThuongTru, P.NgayVaoLam, P.BranchID, P.NgayHopDong, P.NationName, P.SoHopDong, P.DienThoai, P.PersonStatus, P.NewPersonID, P.CardNo, P.ProvineName, P.DiaChiHienNay, P.Quanly, P.NgayThuViec, P.BankHolder, P.BankAccountNo, P.BankName, P.BankLocation, P.SocialID, P.SocialDate, P.NgayKetThucBH, P.ShiftID, P.SoTheBHYT, P.ThoiGianHuongBHYT, P.NoiDangKyBHYT, P.ChamCong, P.LoaiHopDong, P.NgayHetHopDong, P.NguoiLienHe, P.MoiQuanHe, P.NguoiLienHeSoDT, P.GioiTinh, P.HonNhan, P.CMNDNgayCap, P.CMNDNoiCap,...",REQUIRES_CONTRACT_FIXTURE,EXCLUDE_PHASE2
API_HoSoNhanVien,HR_PersonTbl,HR_PersonStatusTbl,LEFT JOIN,P.PersonStatus = S.PersonStatus,CHUA_XAC_MINH_DB,CHUA_XAC_MINH_DB,"P.PersonID, P.PersonName, P.PhongBan, P.TitleName, P.ChucDanhChuyenMon, P.NgaySinh, P.CMND, P.DiaChiThuongTru, P.NgayVaoLam, P.BranchID, P.NgayHopDong, P.NationName, P.SoHopDong, P.DienThoai, P.PersonStatus, P.NewPersonID, P.CardNo, P.ProvineName, P.DiaChiHienNay, P.Quanly, P.NgayThuViec, P.BankHolder, P.BankAccountNo, P.BankName, P.BankLocation, P.SocialID, P.SocialDate, P.NgayKetThucBH, P.ShiftID, P.SoTheBHYT, P.ThoiGianHuongBHYT, P.NoiDangKyBHYT, P.ChamCong, P.LoaiHopDong, P.NgayHetHopDong, P.NguoiLienHe, P.MoiQuanHe, P.NguoiLienHeSoDT, P.GioiTinh, P.HonNhan, P.CMNDNgayCap, P.CMNDNoiCap,...",REQUIRES_CONTRACT_FIXTURE,EXCLUDE_PHASE2
API_HR_Dashboard_Birthdays,HR_PersonTbl,HR_DepartmentListTbl,LEFT JOIN,P.PhongBan = D.PhongBan,CHUA_XAC_MINH_DB,CHUA_XAC_MINH_DB,"TOP 15 P.PersonName + ' (' + ISNULL(D.TenPhongBan, N'') + ')' AS empName, CONVERT(VARCHAR(5), P.NgaySinh, 103) AS birthdayDate, DAY(P.NgaySinh) AS birthDay",REQUIRES_CONTRACT_FIXTURE,EXCLUDE_PHASE2
API_HR_Dashboard_ContractsExpiring,HR_HopDongTbl,HR_DepartmentListTbl,LEFT JOIN,P.PhongBan = D.PhongBan,CHUA_XAC_MINH_DB,CHUA_XAC_MINH_DB,"TOP 10 P.PersonName + ' (' + ISNULL(D.TenPhongBan, N'Chưa rõ') + ')' AS empName, CONVERT(VARCHAR(10), H.NgayHetHieuLuc, 103) AS expireDate, P.PersonID AS empCode, CASE WHEN DATEDIFF(DAY, GETDATE(), H.NgayHetHieuLuc) <= 7 THEN 'danger' WHEN DATEDIFF(DAY, GETDATE(), H.NgayHetHieuLuc) <= 15 THEN 'warning' ELSE 'info' END AS statusLevel",REQUIRES_CONTRACT_FIXTURE,EXCLUDE_PHASE2
API_HR_Dashboard_ContractsExpiring,HR_HopDongTbl,HR_PersonTbl,INNER JOIN,H.PersonID = P.PersonID,CHUA_XAC_MINH_DB,CHUA_XAC_MINH_DB,"TOP 10 P.PersonName + ' (' + ISNULL(D.TenPhongBan, N'Chưa rõ') + ')' AS empName, CONVERT(VARCHAR(10), H.NgayHetHieuLuc, 103) AS expireDate, P.PersonID AS empCode, CASE WHEN DATEDIFF(DAY, GETDATE(), H.NgayHetHieuLuc) <= 7 THEN 'danger' WHEN DATEDIFF(DAY, GETDATE(), H.NgayHetHieuLuc) <= 15 THEN 'warning' ELSE 'info' END AS statusLevel",REQUIRES_CONTRACT_FIXTURE,EXCLUDE_PHASE2
API_HR_Dashboard_Demographics,HR_PersonTbl,HR_HopDongTbl,LEFT JOIN,P.PersonID = H.PersonID,CHUA_XAC_MINH_DB,CHUA_XAC_MINH_DB,"'Gender' AS groupType, CASE WHEN LTRIM(RTRIM(GioiTinh)) IN (N'Nam', N'Naam', 'Nam', 'Naam') THEN N'Nam' WHEN LTRIM(RTRIM(GioiTinh)) IN (N'Nữ', N'Nư', N'Nu', 'Nữ', 'Nư', 'Nu') THEN N'Nữ' ELSE N'Chưa cập nhật' END AS label, COUNT(1) AS value",REQUIRES_CONTRACT_FIXTURE,EXCLUDE_PHASE2
API_HR_Dashboard_Department,HR_DepartmentListTbl,HR_PersonTbl,LEFT JOIN,P.PhongBan = D.PhongBan AND (P.NgayNghiViec IS NULL OR P.NgayNghiViec > GETDATE()),CHUA_XAC_MINH_DB,CHUA_XAC_MINH_DB,"* FROM ( SELECT 'Dept' AS groupType, ISNULL(D.TenPhongBan, N'Chưa rõ') AS label, COUNT(P.PersonID) AS value",REQUIRES_CONTRACT_FIXTURE,EXCLUDE_PHASE2
API_HR_Dashboard_Department,HR_DepartmentListTbl,HR_PersonTbl,LEFT JOIN,P.BranchID = B.BranchID AND (P.NgayNghiViec IS NULL OR P.NgayNghiViec > GETDATE()),CHUA_XAC_MINH_DB,CHUA_XAC_MINH_DB,"* FROM ( SELECT 'Dept' AS groupType, ISNULL(D.TenPhongBan, N'Chưa rõ') AS label, COUNT(P.PersonID) AS value",REQUIRES_CONTRACT_FIXTURE,EXCLUDE_PHASE2
API_HR_Dashboard_OverviewToday,HR_PersonTbl,HR_PersonTbl,INNER JOIN,T.PersonID = P.PersonID,CHUA_XAC_MINH_DB,CHUA_XAC_MINH_DB,@TotalHeadcount = COUNT(1),REQUIRES_CONTRACT_FIXTURE,EXCLUDE_PHASE2
API_HR_Dashboard_OverviewToday,HR_PersonTbl,HR_PersonTbl,INNER JOIN,H.PersonID = P.PersonID,CHUA_XAC_MINH_DB,CHUA_XAC_MINH_DB,@TotalHeadcount = COUNT(1),REQUIRES_CONTRACT_FIXTURE,EXCLUDE_PHASE2
API_HR_Dashboard_Payroll,HR_PayrollTbl,HR_DepartmentListTbl,LEFT JOIN,P.PhongBan = D.PhongBan,CHUA_XAC_MINH_DB,CHUA_XAC_MINH_DB,"ISNULL(SUM(PR.TongLuong), 0) AS totalSalary, ISNULL(SUM(PR.TongLuong) * 0.9, 0) AS prevTotalSalary, ISNULL(SUM(PR.TienBuTru), 0) AS bonus, ISNULL(SUM(PR.TongLuong) * 0.88, 0) AS prevBonus, ISNULL(SUM(PR.MucDong), 0) AS insurance, ISNULL(SUM(PR.MucDong) * 0.9, 0) AS prevInsurance",REQUIRES_CONTRACT_FIXTURE,EXCLUDE_PHASE2
API_HR_Dashboard_Payroll,HR_PayrollTbl,HR_PersonTbl,INNER JOIN,PR.PersonID = P.PersonID,CHUA_XAC_MINH_DB,CHUA_XAC_MINH_DB,"ISNULL(SUM(PR.TongLuong), 0) AS totalSalary, ISNULL(SUM(PR.TongLuong) * 0.9, 0) AS prevTotalSalary, ISNULL(SUM(PR.TienBuTru), 0) AS bonus, ISNULL(SUM(PR.TongLuong) * 0.88, 0) AS prevBonus, ISNULL(SUM(PR.MucDong), 0) AS insurance, ISNULL(SUM(PR.MucDong) * 0.9, 0) AS prevInsurance",REQUIRES_CONTRACT_FIXTURE,EXCLUDE_PHASE2
API_HR_Dashboard_Payroll,HR_PayrollTbl,HR_PersonTbl,INNER JOIN,PR.PersonID = P.PersonID,CHUA_XAC_MINH_DB,CHUA_XAC_MINH_DB,"ISNULL(SUM(PR.TongLuong), 0) AS totalSalary, ISNULL(SUM(PR.TongLuong) * 0.9, 0) AS prevTotalSalary, ISNULL(SUM(PR.TienBuTru), 0) AS bonus, ISNULL(SUM(PR.TongLuong) * 0.88, 0) AS prevBonus, ISNULL(SUM(PR.MucDong), 0) AS insurance, ISNULL(SUM(PR.MucDong) * 0.9, 0) AS prevInsurance",REQUIRES_CONTRACT_FIXTURE,EXCLUDE_PHASE2
API_KinhPhiCongDoan,HR_KinhPhiCongDoanTbl,HR_PersonView,LEFT JOIN,KP.PersonID = P.PersonID,CHUA_XAC_MINH_DB,CHUA_XAC_MINH_DB,"KP.[UserAutoID], KP.[PersonID], KP.[PersonName], KP.[ChucDanhChuyenMon], KP.[MucDong], KP.[KinhPhiNopCongDoanVN], KP.[CongDoanVN], KP.[CongDoanCTY], P.BranchID",REQUIRES_CONTRACT_FIXTURE,KEEP_EXPLICIT_OR_REWRITE_SAFE_JOIN
API_KinhPhiCongDoan,HR_KinhPhiCongDoanTbl,HR_PersonView,LEFT JOIN,KP.PersonID = P.PersonID,CHUA_XAC_MINH_DB,CHUA_XAC_MINH_DB,"KP.[UserAutoID], KP.[PersonID], KP.[PersonName], KP.[ChucDanhChuyenMon], KP.[MucDong], KP.[KinhPhiNopCongDoanVN], KP.[CongDoanVN], KP.[CongDoanCTY], P.BranchID",REQUIRES_CONTRACT_FIXTURE,KEEP_EXPLICIT_OR_REWRITE_SAFE_JOIN
API_LayCacTruongGiaoDien,SY_FormatFields,SY_FrmLstTbl,LEFT JOIN,ff.FormName = l.FormID,CHUA_XAC_MINH_DB,CHUA_XAC_MINH_DB,"ff.FieldName AS [name], ff.CaptionVN AS [label], ISNULL(ff.IsRequired, 0) AS [required], ISNULL(ff.FormPosition, 'grid') AS [position], ISNULL(l.PrimaryKey, '') AS [primaryKey], ISNULL(ff.ShowInAdd, 1) AS [showInAdd], ISNULL(ff.ShowInEdit, 1) AS [showInEdit], ISNULL(ff.IsReadOnlyEdit, 0) AS [isReadOnlyEdit], ISNULL(ff.IsReadOnlyAdd, 0) AS [isReadOnlyAdd], ISNULL(ff.FormatID, '') AS [renderRule], ISNULL(ff.DataSource, '') AS [dataSource], ISNULL(ff.OrderNo, 0) AS [orderNo], ISNULL(ff.ValidateRule, '') AS [validateRule], ISNULL(ff.DependsOn, '') AS [dependsOn], ISNULL(ff.VisibleRule, '') AS [...",REQUIRES_CONTRACT_FIXTURE,KEEP_EXPLICIT_OR_REWRITE_SAFE_JOIN
API_LayCacTruongGiaoDien,SY_FormatFields,SY_FrmLstTbl,LEFT JOIN,ff.FormName = l.FormID,CHUA_XAC_MINH_DB,CHUA_XAC_MINH_DB,"ff.FieldName AS [name], ff.CaptionVN AS [label], ISNULL(ff.IsRequired, 0) AS [required], ISNULL(ff.FormPosition, 'grid') AS [position], ISNULL(l.PrimaryKey, '') AS [primaryKey], ISNULL(ff.ShowInAdd, 1) AS [showInAdd], ISNULL(ff.ShowInEdit, 1) AS [showInEdit], ISNULL(ff.IsReadOnlyEdit, 0) AS [isReadOnlyEdit], ISNULL(ff.IsReadOnlyAdd, 0) AS [isReadOnlyAdd], ISNULL(ff.FormatID, '') AS [renderRule], ISNULL(ff.DataSource, '') AS [dataSource], ISNULL(ff.OrderNo, 0) AS [orderNo], ISNULL(ff.ValidateRule, '') AS [validateRule], ISNULL(ff.DependsOn, '') AS [dependsOn], ISNULL(ff.VisibleRule, '') AS [...",REQUIRES_CONTRACT_FIXTURE,KEEP_EXPLICIT_OR_REWRITE_SAFE_JOIN
API_LayMenuTheoNhomQuyen,WA_Menu,WA_UserGroupPermisstion,INNER JOIN,M.MenuID = P.MenuID,CHUA_XAC_MINH_DB,CHUA_XAC_MINH_DB,"M.MenuID AS [id], M.Parent AS [parent], M.VN AS [label], M.SubTitle AS [subTitle], M.IconClass AS [icon], M.FormName AS [formName], M.URLPara AS [URLPara], M.FormKey AS [formKey], P.IsRun, P.IsAdd, P.IsUpdate, P.IsDelete, P.isManager, P.isAdmin, P.isAutoLock, P.isHideAmount, P.isLockDoc, P.isUnLockDoc, P.isExportExcel",REQUIRES_CONTRACT_FIXTURE,EXCLUDE_PHASE2
API_LayMenuTheoNhomQuyen,WA_Menu,WA_UserGroupPermisstion,INNER JOIN,M_Child.MenuID = P_Child.MenuID,CHUA_XAC_MINH_DB,CHUA_XAC_MINH_DB,"M.MenuID AS [id], M.Parent AS [parent], M.VN AS [label], M.SubTitle AS [subTitle], M.IconClass AS [icon], M.FormName AS [formName], M.URLPara AS [URLPara], M.FormKey AS [formKey], P.IsRun, P.IsAdd, P.IsUpdate, P.IsDelete, P.isManager, P.isAdmin, P.isAutoLock, P.isHideAmount, P.isLockDoc, P.isUnLockDoc, P.isExportExcel",REQUIRES_CONTRACT_FIXTURE,EXCLUDE_PHASE2
API_LayMenuTheoNhomQuyen,WA_Menu,WA_UserGroupPermisstion,INNER JOIN,M.MenuID = P.MenuID,CHUA_XAC_MINH_DB,CHUA_XAC_MINH_DB,"M.MenuID AS [id], M.Parent AS [parent], M.VN AS [label], M.SubTitle AS [subTitle], M.IconClass AS [icon], M.FormName AS [formName], M.URLPara AS [URLPara], M.FormKey AS [formKey], P.IsRun, P.IsAdd, P.IsUpdate, P.IsDelete, P.isManager, P.isAdmin, P.isAutoLock, P.isHideAmount, P.isLockDoc, P.isUnLockDoc, P.isExportExcel",REQUIRES_CONTRACT_FIXTURE,EXCLUDE_PHASE2
API_LayMenuTheoNhomQuyen,WA_Menu,WA_UserGroupPermisstion,INNER JOIN,M_Child.MenuID = P_Child.MenuID,CHUA_XAC_MINH_DB,CHUA_XAC_MINH_DB,"M.MenuID AS [id], M.Parent AS [parent], M.VN AS [label], M.SubTitle AS [subTitle], M.IconClass AS [icon], M.FormName AS [formName], M.URLPara AS [URLPara], M.FormKey AS [formKey], P.IsRun, P.IsAdd, P.IsUpdate, P.IsDelete, P.isManager, P.isAdmin, P.isAutoLock, P.isHideAmount, P.isLockDoc, P.isUnLockDoc, P.isExportExcel",REQUIRES_CONTRACT_FIXTURE,EXCLUDE_PHASE2
API_LayQuyenCuaToi,SY_User,WA_Menu,INNER JOIN,P.MenuID = M.MenuID,CHUA_XAC_MINH_DB,CHUA_XAC_MINH_DB,@UserGroupID = UserGroupID,REQUIRES_CONTRACT_FIXTURE,KEEP_EXPLICIT_OR_REWRITE_SAFE_JOIN
API_LayQuyenCuaToi,SY_User,WA_Menu,INNER JOIN,P.MenuID = M.MenuID,CHUA_XAC_MINH_DB,CHUA_XAC_MINH_DB,@UserGroupID = UserGroupID,REQUIRES_CONTRACT_FIXTURE,KEEP_EXPLICIT_OR_REWRITE_SAFE_JOIN
API_LayQuyenNhomDayDu,WA_Menu,WA_UserGroupPermisstion,INNER JOIN,M.MenuID = P.MenuID AND P.UserGroupID = @UserGroupID,CHUA_XAC_MINH_DB,CHUA_XAC_MINH_DB,"M.MenuID AS [id], M.Parent AS [parent], M.VN AS [label], M.IconClass AS [icon], M.FormName AS [formName], M.URLPara AS [urlPara], ISNULL(P.IsRun, 0) AS IsRun, ISNULL(P.IsAdd, 0) AS IsAdd, ISNULL(P.IsUpdate, 0) AS IsUpdate, ISNULL(P.IsDelete, 0) AS IsDelete, ISNULL(P.isManager, 0) AS isManager, ISNULL(P.isAdmin, 0) AS isAdmin, ISNULL(P.isAutoLock, 0) AS isAutoLock, ISNULL(P.isHideAmount, 0) AS isHideAmount, ISNULL(P.isLockDoc, 0) AS isLockDoc, ISNULL(P.isUnLockDoc, 0) AS isUnLockDoc, ISNULL(P.isExportExcel,0) AS isExportExcel",REQUIRES_CONTRACT_FIXTURE,EXCLUDE_PHASE2
API_LayQuyenNhomDayDu,WA_Menu,WA_UserGroupPermisstion,INNER JOIN,M.MenuID = P.MenuID AND P.UserGroupID = @UserGroupID,CHUA_XAC_MINH_DB,CHUA_XAC_MINH_DB,"M.MenuID AS [id], M.Parent AS [parent], M.VN AS [label], M.IconClass AS [icon], M.FormName AS [formName], M.URLPara AS [urlPara], ISNULL(P.IsRun, 0) AS IsRun, ISNULL(P.IsAdd, 0) AS IsAdd, ISNULL(P.IsUpdate, 0) AS IsUpdate, ISNULL(P.IsDelete, 0) AS IsDelete, ISNULL(P.isManager, 0) AS isManager, ISNULL(P.isAdmin, 0) AS isAdmin, ISNULL(P.isAutoLock, 0) AS isAutoLock, ISNULL(P.isHideAmount, 0) AS isHideAmount, ISNULL(P.isLockDoc, 0) AS isLockDoc, ISNULL(P.isUnLockDoc, 0) AS isUnLockDoc, ISNULL(P.isExportExcel,0) AS isExportExcel",REQUIRES_CONTRACT_FIXTURE,EXCLUDE_PHASE2
API_LuongKhoan,HR_LuongKhoanTbl,HR_PersonTbl,LEFT JOIN,L.PersonID = P.PersonID,CHUA_XAC_MINH_DB,CHUA_XAC_MINH_DB,"L.UserAutoID, L.PersonID, P.PersonName, L.TuNgay, L.DenNgay, L.SoTienKhoan, L.GhiChu",REQUIRES_CONTRACT_FIXTURE,KEEP_EXPLICIT_OR_REWRITE_SAFE_JOIN
API_LuongKhoan,HR_LuongKhoanTbl,HR_PersonTbl,LEFT JOIN,L.PersonID = P.PersonID,CHUA_XAC_MINH_DB,CHUA_XAC_MINH_DB,"L.UserAutoID, L.PersonID, P.PersonName, L.TuNgay, L.DenNgay, L.SoTienKhoan, L.GhiChu",REQUIRES_CONTRACT_FIXTURE,KEEP_EXPLICIT_OR_REWRITE_SAFE_JOIN
API_LuuHopDong,tbmk_Hopdong,tbmk_Biennhancocchosanhtiec,INNER JOIN,b.DocumentID = bs.DocumentID,CHUA_XAC_MINH_DB,CHUA_XAC_MINH_DB,1,REQUIRES_CONTRACT_FIXTURE,EXCLUDE_PHASE2
API_LuuHopDong,tbmk_Hopdong,tbmk_Biennhancocchosanhtiec,INNER JOIN,b.DocumentID = bs.DocumentID,CHUA_XAC_MINH_DB,CHUA_XAC_MINH_DB,1,REQUIRES_CONTRACT_FIXTURE,EXCLUDE_PHASE2
API_LuuHopDong,tbmk_Hopdong,tbmk_Hopdongsanhtiec,INNER JOIN,h.Sohopdong = hs.Sohopdong,CHUA_XAC_MINH_DB,CHUA_XAC_MINH_DB,1,REQUIRES_CONTRACT_FIXTURE,EXCLUDE_PHASE2
API_LuuHopDong,tbmk_Hopdong,tbmk_Hopdongsanhtiec,INNER JOIN,h.Sohopdong = hs.Sohopdong,CHUA_XAC_MINH_DB,CHUA_XAC_MINH_DB,1,REQUIRES_CONTRACT_FIXTURE,EXCLUDE_PHASE2
API_LuuThuTuMenu,@xml,@Tbl,JOIN,M.MenuID = T.OldID,CHUA_XAC_MINH_DB,CHUA_XAC_MINH_DB,"n.value('.', 'NVARCHAR(50)') AS ID",REQUIRES_CONTRACT_FIXTURE,EXCLUDE_PHASE2
API_LuuThuTuMenu,@xml,@Tbl,JOIN,P.MenuID = T.OldID,CHUA_XAC_MINH_DB,CHUA_XAC_MINH_DB,"n.value('.', 'NVARCHAR(50)') AS ID",REQUIRES_CONTRACT_FIXTURE,EXCLUDE_PHASE2
API_LuuThuTuMenu,@xml,@Tbl,JOIN,U.MenuID = T.OldID,CHUA_XAC_MINH_DB,CHUA_XAC_MINH_DB,"n.value('.', 'NVARCHAR(50)') AS ID",REQUIRES_CONTRACT_FIXTURE,EXCLUDE_PHASE2
API_LuuThuTuMenu,@xml,@Tbl,JOIN,M.Parent = T.OldID,CHUA_XAC_MINH_DB,CHUA_XAC_MINH_DB,"n.value('.', 'NVARCHAR(50)') AS ID",REQUIRES_CONTRACT_FIXTURE,EXCLUDE_PHASE2
API_LuuThuTuMenu,@xml,@Tbl,JOIN,M.MenuID = 'TMP_' + T.OldID,CHUA_XAC_MINH_DB,CHUA_XAC_MINH_DB,"n.value('.', 'NVARCHAR(50)') AS ID",REQUIRES_CONTRACT_FIXTURE,EXCLUDE_PHASE2
API_LuuThuTuMenu,@xml,@Tbl,JOIN,P.MenuID = 'TMP_' + T.OldID,CHUA_XAC_MINH_DB,CHUA_XAC_MINH_DB,"n.value('.', 'NVARCHAR(50)') AS ID",REQUIRES_CONTRACT_FIXTURE,EXCLUDE_PHASE2
API_LuuThuTuMenu,@xml,@Tbl,JOIN,U.MenuID = 'TMP_' + T.OldID,CHUA_XAC_MINH_DB,CHUA_XAC_MINH_DB,"n.value('.', 'NVARCHAR(50)') AS ID",REQUIRES_CONTRACT_FIXTURE,EXCLUDE_PHASE2
API_LuuThuTuMenu,@xml,@Tbl,JOIN,M.Parent = 'TMP_' + T.OldID,CHUA_XAC_MINH_DB,CHUA_XAC_MINH_DB,"n.value('.', 'NVARCHAR(50)') AS ID",REQUIRES_CONTRACT_FIXTURE,EXCLUDE_PHASE2
API_LuuThuTuMenu,@xml,@Tbl,JOIN,M.MenuID = T.OldID,CHUA_XAC_MINH_DB,CHUA_XAC_MINH_DB,"n.value('.', 'NVARCHAR(50)') AS ID",REQUIRES_CONTRACT_FIXTURE,EXCLUDE_PHASE2
API_LuuThuTuMenu,@xml,@Tbl,JOIN,P.MenuID = T.OldID,CHUA_XAC_MINH_DB,CHUA_XAC_MINH_DB,"n.value('.', 'NVARCHAR(50)') AS ID",REQUIRES_CONTRACT_FIXTURE,EXCLUDE_PHASE2
API_LuuThuTuMenu,@xml,@Tbl,JOIN,U.MenuID = T.OldID,CHUA_XAC_MINH_DB,CHUA_XAC_MINH_DB,"n.value('.', 'NVARCHAR(50)') AS ID",REQUIRES_CONTRACT_FIXTURE,EXCLUDE_PHASE2
API_LuuThuTuMenu,@xml,@Tbl,JOIN,M.Parent = T.OldID,CHUA_XAC_MINH_DB,CHUA_XAC_MINH_DB,"n.value('.', 'NVARCHAR(50)') AS ID",REQUIRES_CONTRACT_FIXTURE,EXCLUDE_PHASE2
API_LuuThuTuMenu,@xml,@Tbl,JOIN,M.MenuID = 'TMP_' + T.OldID,CHUA_XAC_MINH_DB,CHUA_XAC_MINH_DB,"n.value('.', 'NVARCHAR(50)') AS ID",REQUIRES_CONTRACT_FIXTURE,EXCLUDE_PHASE2
API_LuuThuTuMenu,@xml,@Tbl,JOIN,P.MenuID = 'TMP_' + T.OldID,CHUA_XAC_MINH_DB,CHUA_XAC_MINH_DB,"n.value('.', 'NVARCHAR(50)') AS ID",REQUIRES_CONTRACT_FIXTURE,EXCLUDE_PHASE2
API_LuuThuTuMenu,@xml,@Tbl,JOIN,U.MenuID = 'TMP_' + T.OldID,CHUA_XAC_MINH_DB,CHUA_XAC_MINH_DB,"n.value('.', 'NVARCHAR(50)') AS ID",REQUIRES_CONTRACT_FIXTURE,EXCLUDE_PHASE2
API_LuuThuTuMenu,@xml,@Tbl,JOIN,M.Parent = 'TMP_' + T.OldID,CHUA_XAC_MINH_DB,CHUA_XAC_MINH_DB,"n.value('.', 'NVARCHAR(50)') AS ID",REQUIRES_CONTRACT_FIXTURE,EXCLUDE_PHASE2
API_LuuThuTuMenu,@xml,@TblExisting,JOIN,T.Idx = E.Idx,CHUA_XAC_MINH_DB,CHUA_XAC_MINH_DB,"n.value('.', 'NVARCHAR(50)') AS ID",REQUIRES_CONTRACT_FIXTURE,EXCLUDE_PHASE2
API_LuuThuTuMenu,@xml,@TblExisting,JOIN,T.Idx = E.Idx,CHUA_XAC_MINH_DB,CHUA_XAC_MINH_DB,"n.value('.', 'NVARCHAR(50)') AS ID",REQUIRES_CONTRACT_FIXTURE,EXCLUDE_PHASE2
API_LuuThuTuMenu,@xml,@TblExisting,JOIN,T.Idx = E.Idx,CHUA_XAC_MINH_DB,CHUA_XAC_MINH_DB,"n.value('.', 'NVARCHAR(50)') AS ID",REQUIRES_CONTRACT_FIXTURE,EXCLUDE_PHASE2
API_LuuThuTuMenu,@xml,@TblExisting,JOIN,T.Idx = E.Idx,CHUA_XAC_MINH_DB,CHUA_XAC_MINH_DB,"n.value('.', 'NVARCHAR(50)') AS ID",REQUIRES_CONTRACT_FIXTURE,EXCLUDE_PHASE2
API_LuuThuTuMenu,@xml,@TblExisting,JOIN,T.Idx = E.Idx,CHUA_XAC_MINH_DB,CHUA_XAC_MINH_DB,"n.value('.', 'NVARCHAR(50)') AS ID",REQUIRES_CONTRACT_FIXTURE,EXCLUDE_PHASE2
API_LuuThuTuMenu,@xml,@TblExisting,JOIN,T.Idx = E.Idx,CHUA_XAC_MINH_DB,CHUA_XAC_MINH_DB,"n.value('.', 'NVARCHAR(50)') AS ID",REQUIRES_CONTRACT_FIXTURE,EXCLUDE_PHASE2
API_LuuThuTuMenu,@xml,@TblExisting,JOIN,T.Idx = E.Idx,CHUA_XAC_MINH_DB,CHUA_XAC_MINH_DB,"n.value('.', 'NVARCHAR(50)') AS ID",REQUIRES_CONTRACT_FIXTURE,EXCLUDE_PHASE2
API_LuuThuTuMenu,@xml,@TblExisting,JOIN,T.Idx = E.Idx,CHUA_XAC_MINH_DB,CHUA_XAC_MINH_DB,"n.value('.', 'NVARCHAR(50)') AS ID",REQUIRES_CONTRACT_FIXTURE,EXCLUDE_PHASE2
API_NguoiDungFrm,SY_User,CF_BranchTbl,LEFT JOIN,U.BranchID = B.BranchID,CHUA_XAC_MINH_DB,CHUA_XAC_MINH_DB,"U.*, G.UserGroupName, B.BranchName",REQUIRES_CONTRACT_FIXTURE,KEEP_EXPLICIT_OR_REWRITE_SAFE_JOIN
API_NguoiDungFrm,SY_User,CF_BranchTbl,LEFT JOIN,U.BranchID = B.BranchID,CHUA_XAC_MINH_DB,CHUA_XAC_MINH_DB,"U.*, G.UserGroupName, B.BranchName",REQUIRES_CONTRACT_FIXTURE,KEEP_EXPLICIT_OR_REWRITE_SAFE_JOIN
API_NguoiDungFrm,SY_User,SY_UserGroup,LEFT JOIN,U.UserGroupID = G.UserGroupID,CHUA_XAC_MINH_DB,CHUA_XAC_MINH_DB,"U.*, G.UserGroupName, B.BranchName",REQUIRES_CONTRACT_FIXTURE,KEEP_EXPLICIT_OR_REWRITE_SAFE_JOIN
API_NguoiDungFrm,SY_User,SY_UserGroup,LEFT JOIN,U.UserGroupID = G.UserGroupID,CHUA_XAC_MINH_DB,CHUA_XAC_MINH_DB,"U.*, G.UserGroupName, B.BranchName",REQUIRES_CONTRACT_FIXTURE,KEEP_EXPLICIT_OR_REWRITE_SAFE_JOIN
API_Payroll,HR_PayrollTbl,HR_PersonTbl,LEFT JOIN,PAY.PersonID = P.PersonID,CHUA_XAC_MINH_DB,CHUA_XAC_MINH_DB,"PAY.DocumentID, PAY.DocumentDate, PAY.PeriodID, PAY.PersonID, PAY.PersonName, PAY.LuongCoBan, PAY.LuongTong, PAY.TienBuTru, PAY.SoNguoiPhuThuoc, PAY.MucDong, PAY.TongLuong, PAY.IsBH, PAY.IsHuuTri, P.PhongBan",REQUIRES_CONTRACT_FIXTURE,EXCLUDE_PHASE2
API_Payroll,HR_PayrollTbl,HR_PersonTbl,LEFT JOIN,PAY.PersonID = P.PersonID,CHUA_XAC_MINH_DB,CHUA_XAC_MINH_DB,"PAY.DocumentID, PAY.DocumentDate, PAY.PeriodID, PAY.PersonID, PAY.PersonName, PAY.LuongCoBan, PAY.LuongTong, PAY.TienBuTru, PAY.SoNguoiPhuThuoc, PAY.MucDong, PAY.TongLuong, PAY.IsBH, PAY.IsHuuTri, P.PhongBan",REQUIRES_CONTRACT_FIXTURE,EXCLUDE_PHASE2
API_XoaDong_V2,WA_API,#DeleteIds,INNER JOIN,"T.' + QUOTENAME(@PrimaryKey) + N' = TRY_CONVERT(' + @PrimarySqlType + N', I.IdValue)",CHUA_XAC_MINH_DB,CHUA_XAC_MINH_DB,@RouteCount = COUNT(*),REQUIRES_CONTRACT_FIXTURE,EXCLUDE_PHASE2
API_XoaDong_V2,WA_API,#DeleteIds,INNER JOIN,"T.' + QUOTENAME(@PrimaryKey) + N' = TRY_CONVERT(' + @PrimarySqlType + N', I.IdValue)",CHUA_XAC_MINH_DB,CHUA_XAC_MINH_DB,@RouteCount = COUNT(*),REQUIRES_CONTRACT_FIXTURE,EXCLUDE_PHASE2
API_XuLyChamCongHangNgay,HR_TimeSheetDayTbl,HR_PersonView,LEFT JOIN,T.PersonID = P.PersonID,CHUA_XAC_MINH_DB,CHUA_XAC_MINH_DB,TOP 1 @PeriodID = PeriodID,REQUIRES_CONTRACT_FIXTURE,EXCLUDE_PHASE2
API_XuLyChamCongHangNgay,HR_TimeSheetDayTbl,HR_PersonView,LEFT JOIN,T.PersonID = P.PersonID,CHUA_XAC_MINH_DB,CHUA_XAC_MINH_DB,TOP 1 @PeriodID = PeriodID,REQUIRES_CONTRACT_FIXTURE,EXCLUDE_PHASE2
WA_BaoHiem_PersonLookup,HR_BaoHiemTbl,HR_BaoHiemTbl,INNER JOIN,H.DocumentID = CT.DocumentID,CHUA_XAC_MINH_DB,CHUA_XAC_MINH_DB,"TOP 1 @BranchID = CASE WHEN @BranchID = '' THEN ISNULL(BranchID, '') ELSE @BranchID END, @LoaiBaoHiem = CASE WHEN @LoaiBaoHiem = '' THEN ISNULL(LoaiBaoHiem, '') ELSE @LoaiBaoHiem END",REQUIRES_CONTRACT_FIXTURE,EXCLUDE_PHASE2
WA_BaoHiem_PersonLookup,HR_BaoHiemTbl,HR_BaoHiemTbl,INNER JOIN,H.DocumentID = CT.DocumentID,CHUA_XAC_MINH_DB,CHUA_XAC_MINH_DB,"TOP 1 @BranchID = CASE WHEN @BranchID = '' THEN ISNULL(BranchID, '') ELSE @BranchID END, @LoaiBaoHiem = CASE WHEN @LoaiBaoHiem = '' THEN ISNULL(LoaiBaoHiem, '') ELSE @LoaiBaoHiem END",REQUIRES_CONTRACT_FIXTURE,EXCLUDE_PHASE2
WA_PayRoll_Process_Stp,HR_PayrollTbl,#BaoHiemClean,LEFT JOIN,B.PersonID = H.PersonID,CHUA_XAC_MINH_DB,CHUA_XAC_MINH_DB,"-1 AS code, N'KhÃ´ng tÃ¬m tháº¥y ká»³ lÆ°Æ¡ng.' AS msg; RETURN; END; DROP TABLE IF EXISTS #TmpBackup; SELECT PersonID, LuongTong, SoNguoiPhuThuoc, LuongCoBan, IsBH, IsHuuTri INTO #TmpBackup",REQUIRES_CONTRACT_FIXTURE,EXCLUDE_PHASE2
WA_PayRoll_Process_Stp,HR_PayrollTbl,#BaoHiemClean,LEFT JOIN,B.PersonID = H.PersonID,CHUA_XAC_MINH_DB,CHUA_XAC_MINH_DB,"-1 AS code, N'KhÃ´ng tÃ¬m tháº¥y ká»³ lÆ°Æ¡ng.' AS msg; RETURN; END; DROP TABLE IF EXISTS #TmpBackup; SELECT PersonID, LuongTong, SoNguoiPhuThuoc, LuongCoBan, IsBH, IsHuuTri INTO #TmpBackup",REQUIRES_CONTRACT_FIXTURE,EXCLUDE_PHASE2
WA_PayRoll_Process_Stp,HR_PayrollTbl,#BaoHiemClean,LEFT JOIN,B.PersonID = H.PersonID,CHUA_XAC_MINH_DB,CHUA_XAC_MINH_DB,"-1 AS code, N'Không tìm thấy kỳ lương.' AS msg; RETURN; END; DROP TABLE IF EXISTS #TmpBackup; SELECT PersonID, LuongTong, SoNguoiPhuThuoc, LuongCoBan, IsBH, IsHuuTri INTO #TmpBackup",REQUIRES_CONTRACT_FIXTURE,EXCLUDE_PHASE2
WA_PayRoll_Process_Stp,HR_PayrollTbl,#BaoHiemClean,LEFT JOIN,B.PersonID = H.PersonID,CHUA_XAC_MINH_DB,CHUA_XAC_MINH_DB,"-1 AS code, N'Không tìm thấy kỳ lương.' AS msg; RETURN; END; DROP TABLE IF EXISTS #TmpBackup; SELECT PersonID, LuongTong, SoNguoiPhuThuoc, LuongCoBan, IsBH, IsHuuTri INTO #TmpBackup",REQUIRES_CONTRACT_FIXTURE,EXCLUDE_PHASE2
WA_PayRoll_Process_Stp,HR_PayrollTbl,#ChamCong,LEFT JOIN,CC.PersonID = H.PersonID,CHUA_XAC_MINH_DB,CHUA_XAC_MINH_DB,"-1 AS code, N'KhÃ´ng tÃ¬m tháº¥y ká»³ lÆ°Æ¡ng.' AS msg; RETURN; END; DROP TABLE IF EXISTS #TmpBackup; SELECT PersonID, LuongTong, SoNguoiPhuThuoc, LuongCoBan, IsBH, IsHuuTri INTO #TmpBackup",REQUIRES_CONTRACT_FIXTURE,EXCLUDE_PHASE2
WA_PayRoll_Process_Stp,HR_PayrollTbl,#ChamCong,LEFT JOIN,CC.PersonID = H.PersonID,CHUA_XAC_MINH_DB,CHUA_XAC_MINH_DB,"-1 AS code, N'KhÃ´ng tÃ¬m tháº¥y ká»³ lÆ°Æ¡ng.' AS msg; RETURN; END; DROP TABLE IF EXISTS #TmpBackup; SELECT PersonID, LuongTong, SoNguoiPhuThuoc, LuongCoBan, IsBH, IsHuuTri INTO #TmpBackup",REQUIRES_CONTRACT_FIXTURE,EXCLUDE_PHASE2
WA_PayRoll_Process_Stp,HR_PayrollTbl,#ChamCong,LEFT JOIN,CC.PersonID = H.PersonID,CHUA_XAC_MINH_DB,CHUA_XAC_MINH_DB,"-1 AS code, N'Không tìm thấy kỳ lương.' AS msg; RETURN; END; DROP TABLE IF EXISTS #TmpBackup; SELECT PersonID, LuongTong, SoNguoiPhuThuoc, LuongCoBan, IsBH, IsHuuTri INTO #TmpBackup",REQUIRES_CONTRACT_FIXTURE,EXCLUDE_PHASE2
WA_PayRoll_Process_Stp,HR_PayrollTbl,#ChamCong,LEFT JOIN,CC.PersonID = H.PersonID,CHUA_XAC_MINH_DB,CHUA_XAC_MINH_DB,"-1 AS code, N'Không tìm thấy kỳ lương.' AS msg; RETURN; END; DROP TABLE IF EXISTS #TmpBackup; SELECT PersonID, LuongTong, SoNguoiPhuThuoc, LuongCoBan, IsBH, IsHuuTri INTO #TmpBackup",REQUIRES_CONTRACT_FIXTURE,EXCLUDE_PHASE2
WA_PayRoll_Process_Stp,HR_PayrollTbl,#LuongKhoan,LEFT JOIN,H.PersonID = LK.PersonID,CHUA_XAC_MINH_DB,CHUA_XAC_MINH_DB,"-1 AS code, N'KhÃ´ng tÃ¬m tháº¥y ká»³ lÆ°Æ¡ng.' AS msg; RETURN; END; DROP TABLE IF EXISTS #TmpBackup; SELECT PersonID, LuongTong, SoNguoiPhuThuoc, LuongCoBan, IsBH, IsHuuTri INTO #TmpBackup",REQUIRES_CONTRACT_FIXTURE,EXCLUDE_PHASE2
WA_PayRoll_Process_Stp,HR_PayrollTbl,#LuongKhoan,LEFT JOIN,LK.PersonID = H.PersonID,CHUA_XAC_MINH_DB,CHUA_XAC_MINH_DB,"-1 AS code, N'KhÃ´ng tÃ¬m tháº¥y ká»³ lÆ°Æ¡ng.' AS msg; RETURN; END; DROP TABLE IF EXISTS #TmpBackup; SELECT PersonID, LuongTong, SoNguoiPhuThuoc, LuongCoBan, IsBH, IsHuuTri INTO #TmpBackup",REQUIRES_CONTRACT_FIXTURE,EXCLUDE_PHASE2
WA_PayRoll_Process_Stp,HR_PayrollTbl,#LuongKhoan,INNER JOIN,LK.PersonID = H.PersonID,CHUA_XAC_MINH_DB,CHUA_XAC_MINH_DB,"-1 AS code, N'KhÃ´ng tÃ¬m tháº¥y ká»³ lÆ°Æ¡ng.' AS msg; RETURN; END; DROP TABLE IF EXISTS #TmpBackup; SELECT PersonID, LuongTong, SoNguoiPhuThuoc, LuongCoBan, IsBH, IsHuuTri INTO #TmpBackup",REQUIRES_CONTRACT_FIXTURE,EXCLUDE_PHASE2
WA_PayRoll_Process_Stp,HR_PayrollTbl,#LuongKhoan,LEFT JOIN,LK.PersonID = H.PersonID,CHUA_XAC_MINH_DB,CHUA_XAC_MINH_DB,"-1 AS code, N'KhÃ´ng tÃ¬m tháº¥y ká»³ lÆ°Æ¡ng.' AS msg; RETURN; END; DROP TABLE IF EXISTS #TmpBackup; SELECT PersonID, LuongTong, SoNguoiPhuThuoc, LuongCoBan, IsBH, IsHuuTri INTO #TmpBackup",REQUIRES_CONTRACT_FIXTURE,EXCLUDE_PHASE2
WA_PayRoll_Process_Stp,HR_PayrollTbl,#LuongKhoan,LEFT JOIN,H.PersonID = LK.PersonID,CHUA_XAC_MINH_DB,CHUA_XAC_MINH_DB,"-1 AS code, N'Không tìm thấy kỳ lương.' AS msg; RETURN; END; DROP TABLE IF EXISTS #TmpBackup; SELECT PersonID, LuongTong, SoNguoiPhuThuoc, LuongCoBan, IsBH, IsHuuTri INTO #TmpBackup",REQUIRES_CONTRACT_FIXTURE,EXCLUDE_PHASE2
WA_PayRoll_Process_Stp,HR_PayrollTbl,#LuongKhoan,LEFT JOIN,LK.PersonID = H.PersonID,CHUA_XAC_MINH_DB,CHUA_XAC_MINH_DB,"-1 AS code, N'Không tìm thấy kỳ lương.' AS msg; RETURN; END; DROP TABLE IF EXISTS #TmpBackup; SELECT PersonID, LuongTong, SoNguoiPhuThuoc, LuongCoBan, IsBH, IsHuuTri INTO #TmpBackup",REQUIRES_CONTRACT_FIXTURE,EXCLUDE_PHASE2
WA_PayRoll_Process_Stp,HR_PayrollTbl,#LuongKhoan,INNER JOIN,LK.PersonID = H.PersonID,CHUA_XAC_MINH_DB,CHUA_XAC_MINH_DB,"-1 AS code, N'Không tìm thấy kỳ lương.' AS msg; RETURN; END; DROP TABLE IF EXISTS #TmpBackup; SELECT PersonID, LuongTong, SoNguoiPhuThuoc, LuongCoBan, IsBH, IsHuuTri INTO #TmpBackup",REQUIRES_CONTRACT_FIXTURE,EXCLUDE_PHASE2
WA_PayRoll_Process_Stp,HR_PayrollTbl,#LuongKhoan,LEFT JOIN,LK.PersonID = H.PersonID,CHUA_XAC_MINH_DB,CHUA_XAC_MINH_DB,"-1 AS code, N'Không tìm thấy kỳ lương.' AS msg; RETURN; END; DROP TABLE IF EXISTS #TmpBackup; SELECT PersonID, LuongTong, SoNguoiPhuThuoc, LuongCoBan, IsBH, IsHuuTri INTO #TmpBackup",REQUIRES_CONTRACT_FIXTURE,EXCLUDE_PHASE2
WA_PayRoll_Process_Stp,HR_PayrollTbl,#NhanVienPhanLoai,INNER JOIN,H.DocumentID = NV.DocumentID,CHUA_XAC_MINH_DB,CHUA_XAC_MINH_DB,"-1 AS code, N'KhÃ´ng tÃ¬m tháº¥y ká»³ lÆ°Æ¡ng.' AS msg; RETURN; END; DROP TABLE IF EXISTS #TmpBackup; SELECT PersonID, LuongTong, SoNguoiPhuThuoc, LuongCoBan, IsBH, IsHuuTri INTO #TmpBackup",REQUIRES_CONTRACT_FIXTURE,EXCLUDE_PHASE2
WA_PayRoll_Process_Stp,HR_PayrollTbl,#NhanVienPhanLoai,INNER JOIN,H.DocumentID = NV.DocumentID,CHUA_XAC_MINH_DB,CHUA_XAC_MINH_DB,"-1 AS code, N'KhÃ´ng tÃ¬m tháº¥y ká»³ lÆ°Æ¡ng.' AS msg; RETURN; END; DROP TABLE IF EXISTS #TmpBackup; SELECT PersonID, LuongTong, SoNguoiPhuThuoc, LuongCoBan, IsBH, IsHuuTri INTO #TmpBackup",REQUIRES_CONTRACT_FIXTURE,EXCLUDE_PHASE2
WA_PayRoll_Process_Stp,HR_PayrollTbl,#NhanVienPhanLoai,INNER JOIN,H.DocumentID = NV.DocumentID,CHUA_XAC_MINH_DB,CHUA_XAC_MINH_DB,"-1 AS code, N'Không tìm thấy kỳ lương.' AS msg; RETURN; END; DROP TABLE IF EXISTS #TmpBackup; SELECT PersonID, LuongTong, SoNguoiPhuThuoc, LuongCoBan, IsBH, IsHuuTri INTO #TmpBackup",REQUIRES_CONTRACT_FIXTURE,EXCLUDE_PHASE2
WA_PayRoll_Process_Stp,HR_PayrollTbl,#NhanVienPhanLoai,INNER JOIN,H.DocumentID = NV.DocumentID,CHUA_XAC_MINH_DB,CHUA_XAC_MINH_DB,"-1 AS code, N'Không tìm thấy kỳ lương.' AS msg; RETURN; END; DROP TABLE IF EXISTS #TmpBackup; SELECT PersonID, LuongTong, SoNguoiPhuThuoc, LuongCoBan, IsBH, IsHuuTri INTO #TmpBackup",REQUIRES_CONTRACT_FIXTURE,EXCLUDE_PHASE2
WA_PayRoll_Process_Stp,HR_PayrollTbl,#PhuCap,INNER JOIN,PC.PersonID = H.PersonID,CHUA_XAC_MINH_DB,CHUA_XAC_MINH_DB,"-1 AS code, N'KhÃ´ng tÃ¬m tháº¥y ká»³ lÆ°Æ¡ng.' AS msg; RETURN; END; DROP TABLE IF EXISTS #TmpBackup; SELECT PersonID, LuongTong, SoNguoiPhuThuoc, LuongCoBan, IsBH, IsHuuTri INTO #TmpBackup",REQUIRES_CONTRACT_FIXTURE,EXCLUDE_PHASE2
WA_PayRoll_Process_Stp,HR_PayrollTbl,#PhuCap,INNER JOIN,PC.PersonID = H.PersonID,CHUA_XAC_MINH_DB,CHUA_XAC_MINH_DB,"-1 AS code, N'KhÃ´ng tÃ¬m tháº¥y ká»³ lÆ°Æ¡ng.' AS msg; RETURN; END; DROP TABLE IF EXISTS #TmpBackup; SELECT PersonID, LuongTong, SoNguoiPhuThuoc, LuongCoBan, IsBH, IsHuuTri INTO #TmpBackup",REQUIRES_CONTRACT_FIXTURE,EXCLUDE_PHASE2
WA_PayRoll_Process_Stp,HR_PayrollTbl,#PhuCap,INNER JOIN,PC.PersonID = H.PersonID,CHUA_XAC_MINH_DB,CHUA_XAC_MINH_DB,"-1 AS code, N'KhÃ´ng tÃ¬m tháº¥y ká»³ lÆ°Æ¡ng.' AS msg; RETURN; END; DROP TABLE IF EXISTS #TmpBackup; SELECT PersonID, LuongTong, SoNguoiPhuThuoc, LuongCoBan, IsBH, IsHuuTri INTO #TmpBackup",REQUIRES_CONTRACT_FIXTURE,EXCLUDE_PHASE2
WA_PayRoll_Process_Stp,HR_PayrollTbl,#PhuCap,LEFT JOIN,"PC.PersonID = H.PersonID AND (NV.IsKhoan = 0 OR H.PersonID IN ('VP016', 'ÃD251'))",CHUA_XAC_MINH_DB,CHUA_XAC_MINH_DB,"-1 AS code, N'KhÃ´ng tÃ¬m tháº¥y ká»³ lÆ°Æ¡ng.' AS msg; RETURN; END; DROP TABLE IF EXISTS #TmpBackup; SELECT PersonID, LuongTong, SoNguoiPhuThuoc, LuongCoBan, IsBH, IsHuuTri INTO #TmpBackup",REQUIRES_CONTRACT_FIXTURE,EXCLUDE_PHASE2
WA_PayRoll_Process_Stp,HR_PayrollTbl,#PhuCap,INNER JOIN,PC.PersonID = H.PersonID,CHUA_XAC_MINH_DB,CHUA_XAC_MINH_DB,"-1 AS code, N'Không tìm thấy kỳ lương.' AS msg; RETURN; END; DROP TABLE IF EXISTS #TmpBackup; SELECT PersonID, LuongTong, SoNguoiPhuThuoc, LuongCoBan, IsBH, IsHuuTri INTO #TmpBackup",REQUIRES_CONTRACT_FIXTURE,EXCLUDE_PHASE2
WA_PayRoll_Process_Stp,HR_PayrollTbl,#PhuCap,INNER JOIN,PC.PersonID = H.PersonID,CHUA_XAC_MINH_DB,CHUA_XAC_MINH_DB,"-1 AS code, N'Không tìm thấy kỳ lương.' AS msg; RETURN; END; DROP TABLE IF EXISTS #TmpBackup; SELECT PersonID, LuongTong, SoNguoiPhuThuoc, LuongCoBan, IsBH, IsHuuTri INTO #TmpBackup",REQUIRES_CONTRACT_FIXTURE,EXCLUDE_PHASE2
WA_PayRoll_Process_Stp,HR_PayrollTbl,#PhuCap,INNER JOIN,PC.PersonID = H.PersonID,CHUA_XAC_MINH_DB,CHUA_XAC_MINH_DB,"-1 AS code, N'Không tìm thấy kỳ lương.' AS msg; RETURN; END; DROP TABLE IF EXISTS #TmpBackup; SELECT PersonID, LuongTong, SoNguoiPhuThuoc, LuongCoBan, IsBH, IsHuuTri INTO #TmpBackup",REQUIRES_CONTRACT_FIXTURE,EXCLUDE_PHASE2
WA_PayRoll_Process_Stp,HR_PayrollTbl,#PhuCap,LEFT JOIN,"PC.PersonID = H.PersonID AND (NV.IsKhoan = 0 OR H.PersonID IN ('VP016', 'ÐD251'))",CHUA_XAC_MINH_DB,CHUA_XAC_MINH_DB,"-1 AS code, N'Không tìm thấy kỳ lương.' AS msg; RETURN; END; DROP TABLE IF EXISTS #TmpBackup; SELECT PersonID, LuongTong, SoNguoiPhuThuoc, LuongCoBan, IsBH, IsHuuTri INTO #TmpBackup",REQUIRES_CONTRACT_FIXTURE,EXCLUDE_PHASE2
WA_PayRoll_Process_Stp,HR_PayrollTbl,#TmpBackup,LEFT JOIN,P.PersonID = T.PersonID,CHUA_XAC_MINH_DB,CHUA_XAC_MINH_DB,"-1 AS code, N'KhÃ´ng tÃ¬m tháº¥y ká»³ lÆ°Æ¡ng.' AS msg; RETURN; END; DROP TABLE IF EXISTS #TmpBackup; SELECT PersonID, LuongTong, SoNguoiPhuThuoc, LuongCoBan, IsBH, IsHuuTri INTO #TmpBackup",REQUIRES_CONTRACT_FIXTURE,EXCLUDE_PHASE2
WA_PayRoll_Process_Stp,HR_PayrollTbl,#TmpBackup,LEFT JOIN,P.PersonID = T.PersonID,CHUA_XAC_MINH_DB,CHUA_XAC_MINH_DB,"-1 AS code, N'Không tìm thấy kỳ lương.' AS msg; RETURN; END; DROP TABLE IF EXISTS #TmpBackup; SELECT PersonID, LuongTong, SoNguoiPhuThuoc, LuongCoBan, IsBH, IsHuuTri INTO #TmpBackup",REQUIRES_CONTRACT_FIXTURE,EXCLUDE_PHASE2
WA_PayRoll_Process_Stp,HR_PayrollTbl,#TmpPayrollDetail,LEFT JOIN,T10.DocumentID = H.DocumentID AND T10.Code = 10,CHUA_XAC_MINH_DB,CHUA_XAC_MINH_DB,"-1 AS code, N'KhÃ´ng tÃ¬m tháº¥y ká»³ lÆ°Æ¡ng.' AS msg; RETURN; END; DROP TABLE IF EXISTS #TmpBackup; SELECT PersonID, LuongTong, SoNguoiPhuThuoc, LuongCoBan, IsBH, IsHuuTri INTO #TmpBackup",REQUIRES_CONTRACT_FIXTURE,EXCLUDE_PHASE2
WA_PayRoll_Process_Stp,HR_PayrollTbl,#TmpPayrollDetail,LEFT JOIN,T12.DocumentID = H.DocumentID AND T12.Code = 12,CHUA_XAC_MINH_DB,CHUA_XAC_MINH_DB,"-1 AS code, N'KhÃ´ng tÃ¬m tháº¥y ká»³ lÆ°Æ¡ng.' AS msg; RETURN; END; DROP TABLE IF EXISTS #TmpBackup; SELECT PersonID, LuongTong, SoNguoiPhuThuoc, LuongCoBan, IsBH, IsHuuTri INTO #TmpBackup",REQUIRES_CONTRACT_FIXTURE,EXCLUDE_PHASE2
WA_PayRoll_Process_Stp,HR_PayrollTbl,#TmpPayrollDetail,LEFT JOIN,T13.DocumentID = H.DocumentID AND T13.Code = 13,CHUA_XAC_MINH_DB,CHUA_XAC_MINH_DB,"-1 AS code, N'KhÃ´ng tÃ¬m tháº¥y ká»³ lÆ°Æ¡ng.' AS msg; RETURN; END; DROP TABLE IF EXISTS #TmpBackup; SELECT PersonID, LuongTong, SoNguoiPhuThuoc, LuongCoBan, IsBH, IsHuuTri INTO #TmpBackup",REQUIRES_CONTRACT_FIXTURE,EXCLUDE_PHASE2
WA_PayRoll_Process_Stp,HR_PayrollTbl,#TmpPayrollDetail,LEFT JOIN,T44.DocumentID = H.DocumentID AND T44.Code = 44,CHUA_XAC_MINH_DB,CHUA_XAC_MINH_DB,"-1 AS code, N'KhÃ´ng tÃ¬m tháº¥y ká»³ lÆ°Æ¡ng.' AS msg; RETURN; END; DROP TABLE IF EXISTS #TmpBackup; SELECT PersonID, LuongTong, SoNguoiPhuThuoc, LuongCoBan, IsBH, IsHuuTri INTO #TmpBackup",REQUIRES_CONTRACT_FIXTURE,EXCLUDE_PHASE2
WA_PayRoll_Process_Stp,HR_PayrollTbl,#TmpPayrollDetail,LEFT JOIN,T14.DocumentID = H.DocumentID AND T14.Code = 14,CHUA_XAC_MINH_DB,CHUA_XAC_MINH_DB,"-1 AS code, N'KhÃ´ng tÃ¬m tháº¥y ká»³ lÆ°Æ¡ng.' AS msg; RETURN; END; DROP TABLE IF EXISTS #TmpBackup; SELECT PersonID, LuongTong, SoNguoiPhuThuoc, LuongCoBan, IsBH, IsHuuTri INTO #TmpBackup",REQUIRES_CONTRACT_FIXTURE,EXCLUDE_PHASE2
WA_PayRoll_Process_Stp,HR_PayrollTbl,#TmpPayrollDetail,LEFT JOIN,T20.DocumentID = H.DocumentID AND T20.Code = 20,CHUA_XAC_MINH_DB,CHUA_XAC_MINH_DB,"-1 AS code, N'KhÃ´ng tÃ¬m tháº¥y ká»³ lÆ°Æ¡ng.' AS msg; RETURN; END; DROP TABLE IF EXISTS #TmpBackup; SELECT PersonID, LuongTong, SoNguoiPhuThuoc, LuongCoBan, IsBH, IsHuuTri INTO #TmpBackup",REQUIRES_CONTRACT_FIXTURE,EXCLUDE_PHASE2
WA_PayRoll_Process_Stp,HR_PayrollTbl,#TmpPayrollDetail,LEFT JOIN,T10.DocumentID = H.DocumentID AND T10.Code = 10,CHUA_XAC_MINH_DB,CHUA_XAC_MINH_DB,"-1 AS code, N'Không tìm thấy kỳ lương.' AS msg; RETURN; END; DROP TABLE IF EXISTS #TmpBackup; SELECT PersonID, LuongTong, SoNguoiPhuThuoc, LuongCoBan, IsBH, IsHuuTri INTO #TmpBackup",REQUIRES_CONTRACT_FIXTURE,EXCLUDE_PHASE2
WA_PayRoll_Process_Stp,HR_PayrollTbl,#TmpPayrollDetail,LEFT JOIN,T12.DocumentID = H.DocumentID AND T12.Code = 12,CHUA_XAC_MINH_DB,CHUA_XAC_MINH_DB,"-1 AS code, N'Không tìm thấy kỳ lương.' AS msg; RETURN; END; DROP TABLE IF EXISTS #TmpBackup; SELECT PersonID, LuongTong, SoNguoiPhuThuoc, LuongCoBan, IsBH, IsHuuTri INTO #TmpBackup",REQUIRES_CONTRACT_FIXTURE,EXCLUDE_PHASE2
WA_PayRoll_Process_Stp,HR_PayrollTbl,#TmpPayrollDetail,LEFT JOIN,T13.DocumentID = H.DocumentID AND T13.Code = 13,CHUA_XAC_MINH_DB,CHUA_XAC_MINH_DB,"-1 AS code, N'Không tìm thấy kỳ lương.' AS msg; RETURN; END; DROP TABLE IF EXISTS #TmpBackup; SELECT PersonID, LuongTong, SoNguoiPhuThuoc, LuongCoBan, IsBH, IsHuuTri INTO #TmpBackup",REQUIRES_CONTRACT_FIXTURE,EXCLUDE_PHASE2
WA_PayRoll_Process_Stp,HR_PayrollTbl,#TmpPayrollDetail,LEFT JOIN,T44.DocumentID = H.DocumentID AND T44.Code = 44,CHUA_XAC_MINH_DB,CHUA_XAC_MINH_DB,"-1 AS code, N'Không tìm thấy kỳ lương.' AS msg; RETURN; END; DROP TABLE IF EXISTS #TmpBackup; SELECT PersonID, LuongTong, SoNguoiPhuThuoc, LuongCoBan, IsBH, IsHuuTri INTO #TmpBackup",REQUIRES_CONTRACT_FIXTURE,EXCLUDE_PHASE2
WA_PayRoll_Process_Stp,HR_PayrollTbl,#TmpPayrollDetail,LEFT JOIN,T14.DocumentID = H.DocumentID AND T14.Code = 14,CHUA_XAC_MINH_DB,CHUA_XAC_MINH_DB,"-1 AS code, N'Không tìm thấy kỳ lương.' AS msg; RETURN; END; DROP TABLE IF EXISTS #TmpBackup; SELECT PersonID, LuongTong, SoNguoiPhuThuoc, LuongCoBan, IsBH, IsHuuTri INTO #TmpBackup",REQUIRES_CONTRACT_FIXTURE,EXCLUDE_PHASE2
WA_PayRoll_Process_Stp,HR_PayrollTbl,#TmpPayrollDetail,LEFT JOIN,T20.DocumentID = H.DocumentID AND T20.Code = 20,CHUA_XAC_MINH_DB,CHUA_XAC_MINH_DB,"-1 AS code, N'Không tìm thấy kỳ lương.' AS msg; RETURN; END; DROP TABLE IF EXISTS #TmpBackup; SELECT PersonID, LuongTong, SoNguoiPhuThuoc, LuongCoBan, IsBH, IsHuuTri INTO #TmpBackup",REQUIRES_CONTRACT_FIXTURE,EXCLUDE_PHASE2
WA_PayRoll_Process_Stp,HR_PayrollTbl,HR_BangPhuCapTbl,LEFT JOIN,BPC.MaPhuCap = PA.MaPhuCap,CHUA_XAC_MINH_DB,CHUA_XAC_MINH_DB,"-1 AS code, N'KhÃ´ng tÃ¬m tháº¥y ká»³ lÆ°Æ¡ng.' AS msg; RETURN; END; DROP TABLE IF EXISTS #TmpBackup; SELECT PersonID, LuongTong, SoNguoiPhuThuoc, LuongCoBan, IsBH, IsHuuTri INTO #TmpBackup",REQUIRES_CONTRACT_FIXTURE,EXCLUDE_PHASE2
WA_PayRoll_Process_Stp,HR_PayrollTbl,HR_BangPhuCapTbl,LEFT JOIN,BPC.MaPhuCap = PA.MaPhuCap,CHUA_XAC_MINH_DB,CHUA_XAC_MINH_DB,"-1 AS code, N'Không tìm thấy kỳ lương.' AS msg; RETURN; END; DROP TABLE IF EXISTS #TmpBackup; SELECT PersonID, LuongTong, SoNguoiPhuThuoc, LuongCoBan, IsBH, IsHuuTri INTO #TmpBackup",REQUIRES_CONTRACT_FIXTURE,EXCLUDE_PHASE2
WA_PayRoll_Process_Stp,HR_PayrollTbl,HR_BaoHiemTbl,INNER JOIN,BH.DocumentID = M.DocumentID,CHUA_XAC_MINH_DB,CHUA_XAC_MINH_DB,"-1 AS code, N'KhÃ´ng tÃ¬m tháº¥y ká»³ lÆ°Æ¡ng.' AS msg; RETURN; END; DROP TABLE IF EXISTS #TmpBackup; SELECT PersonID, LuongTong, SoNguoiPhuThuoc, LuongCoBan, IsBH, IsHuuTri INTO #TmpBackup",REQUIRES_CONTRACT_FIXTURE,EXCLUDE_PHASE2
WA_PayRoll_Process_Stp,HR_PayrollTbl,HR_BaoHiemTbl,INNER JOIN,BH.DocumentID = M.DocumentID,CHUA_XAC_MINH_DB,CHUA_XAC_MINH_DB,"-1 AS code, N'Không tìm thấy kỳ lương.' AS msg; RETURN; END; DROP TABLE IF EXISTS #TmpBackup; SELECT PersonID, LuongTong, SoNguoiPhuThuoc, LuongCoBan, IsBH, IsHuuTri INTO #TmpBackup",REQUIRES_CONTRACT_FIXTURE,EXCLUDE_PHASE2
WA_PayRoll_Process_Stp,HR_PayrollTbl,HR_PayrollTbl,INNER JOIN,H.DocumentID = D.DocumentID,CHUA_XAC_MINH_DB,CHUA_XAC_MINH_DB,"-1 AS code, N'KhÃ´ng tÃ¬m tháº¥y ká»³ lÆ°Æ¡ng.' AS msg; RETURN; END; DROP TABLE IF EXISTS #TmpBackup; SELECT PersonID, LuongTong, SoNguoiPhuThuoc, LuongCoBan, IsBH, IsHuuTri INTO #TmpBackup",REQUIRES_CONTRACT_FIXTURE,EXCLUDE_PHASE2
WA_PayRoll_Process_Stp,HR_PayrollTbl,HR_PayrollTbl,INNER JOIN,T.DocumentID = H.DocumentID,CHUA_XAC_MINH_DB,CHUA_XAC_MINH_DB,"-1 AS code, N'KhÃ´ng tÃ¬m tháº¥y ká»³ lÆ°Æ¡ng.' AS msg; RETURN; END; DROP TABLE IF EXISTS #TmpBackup; SELECT PersonID, LuongTong, SoNguoiPhuThuoc, LuongCoBan, IsBH, IsHuuTri INTO #TmpBackup",REQUIRES_CONTRACT_FIXTURE,EXCLUDE_PHASE2
WA_PayRoll_Process_Stp,HR_PayrollTbl,HR_PayrollTbl,INNER JOIN,H.DocumentID = T50.DocumentID,CHUA_XAC_MINH_DB,CHUA_XAC_MINH_DB,"-1 AS code, N'KhÃ´ng tÃ¬m tháº¥y ká»³ lÆ°Æ¡ng.' AS msg; RETURN; END; DROP TABLE IF EXISTS #TmpBackup; SELECT PersonID, LuongTong, SoNguoiPhuThuoc, LuongCoBan, IsBH, IsHuuTri INTO #TmpBackup",REQUIRES_CONTRACT_FIXTURE,EXCLUDE_PHASE2
WA_PayRoll_Process_Stp,HR_PayrollTbl,HR_PayrollTbl,INNER JOIN,H.DocumentID = T60.DocumentID,CHUA_XAC_MINH_DB,CHUA_XAC_MINH_DB,"-1 AS code, N'KhÃ´ng tÃ¬m tháº¥y ká»³ lÆ°Æ¡ng.' AS msg; RETURN; END; DROP TABLE IF EXISTS #TmpBackup; SELECT PersonID, LuongTong, SoNguoiPhuThuoc, LuongCoBan, IsBH, IsHuuTri INTO #TmpBackup",REQUIRES_CONTRACT_FIXTURE,EXCLUDE_PHASE2
WA_PayRoll_Process_Stp,HR_PayrollTbl,HR_PayrollTbl,INNER JOIN,H.DocumentID = D.DocumentID,CHUA_XAC_MINH_DB,CHUA_XAC_MINH_DB,"-1 AS code, N'Không tìm thấy kỳ lương.' AS msg; RETURN; END; DROP TABLE IF EXISTS #TmpBackup; SELECT PersonID, LuongTong, SoNguoiPhuThuoc, LuongCoBan, IsBH, IsHuuTri INTO #TmpBackup",REQUIRES_CONTRACT_FIXTURE,EXCLUDE_PHASE2
WA_PayRoll_Process_Stp,HR_PayrollTbl,HR_PayrollTbl,INNER JOIN,T.DocumentID = H.DocumentID,CHUA_XAC_MINH_DB,CHUA_XAC_MINH_DB,"-1 AS code, N'Không tìm thấy kỳ lương.' AS msg; RETURN; END; DROP TABLE IF EXISTS #TmpBackup; SELECT PersonID, LuongTong, SoNguoiPhuThuoc, LuongCoBan, IsBH, IsHuuTri INTO #TmpBackup",REQUIRES_CONTRACT_FIXTURE,EXCLUDE_PHASE2
WA_PayRoll_Process_Stp,HR_PayrollTbl,HR_PayrollTbl,INNER JOIN,H.DocumentID = T50.DocumentID,CHUA_XAC_MINH_DB,CHUA_XAC_MINH_DB,"-1 AS code, N'Không tìm thấy kỳ lương.' AS msg; RETURN; END; DROP TABLE IF EXISTS #TmpBackup; SELECT PersonID, LuongTong, SoNguoiPhuThuoc, LuongCoBan, IsBH, IsHuuTri INTO #TmpBackup",REQUIRES_CONTRACT_FIXTURE,EXCLUDE_PHASE2
WA_PayRoll_Process_Stp,HR_PayrollTbl,HR_PayrollTbl,INNER JOIN,H.DocumentID = T60.DocumentID,CHUA_XAC_MINH_DB,CHUA_XAC_MINH_DB,"-1 AS code, N'Không tìm thấy kỳ lương.' AS msg; RETURN; END; DROP TABLE IF EXISTS #TmpBackup; SELECT PersonID, LuongTong, SoNguoiPhuThuoc, LuongCoBan, IsBH, IsHuuTri INTO #TmpBackup",REQUIRES_CONTRACT_FIXTURE,EXCLUDE_PHASE2
WA_TimeSheetDay_Process_Stp,HR_TimeSheetDayTbl,HR_PersonTbl,INNER JOIN,T.PersonID = P.PersonID,CHUA_XAC_MINH_DB,CHUA_XAC_MINH_DB,"-1 AS code, N'KhÃ´ng tÃ¬m tháº¥y ká»³ cháº¥m cÃ´ng ' + @PeriodID AS msg; RETURN; END; DELETE T",REQUIRES_CONTRACT_FIXTURE,EXCLUDE_PHASE2
WA_TimeSheetDay_Process_Stp,HR_TimeSheetDayTbl,HR_PersonTbl,INNER JOIN,LTRIM(RTRIM(CAST(P.UserID AS NVARCHAR(50)))) = A.UserID_Clean,CHUA_XAC_MINH_DB,CHUA_XAC_MINH_DB,"-1 AS code, N'KhÃ´ng tÃ¬m tháº¥y ká»³ cháº¥m cÃ´ng ' + @PeriodID AS msg; RETURN; END; DELETE T",REQUIRES_CONTRACT_FIXTURE,EXCLUDE_PHASE2
WA_TimeSheetDay_Process_Stp,HR_TimeSheetDayTbl,HR_PersonTbl,INNER JOIN,T.PersonID = P.PersonID,CHUA_XAC_MINH_DB,CHUA_XAC_MINH_DB,"-1 AS code, N'Không tìm thấy kỳ chấm công ' + @PeriodID AS msg; RETURN; END; DELETE T",REQUIRES_CONTRACT_FIXTURE,EXCLUDE_PHASE2
WA_TimeSheetDay_Process_Stp,HR_TimeSheetDayTbl,HR_PersonTbl,INNER JOIN,LTRIM(RTRIM(CAST(P.UserID AS NVARCHAR(50)))) = A.UserID_Clean,CHUA_XAC_MINH_DB,CHUA_XAC_MINH_DB,"-1 AS code, N'Không tìm thấy kỳ chấm công ' + @PeriodID AS msg; RETURN; END; DELETE T",REQUIRES_CONTRACT_FIXTURE,EXCLUDE_PHASE2
WA_TimeSheetDay_Process_Stp,HR_TimeSheetDayTbl,HR_SapCaTbl,INNER JOIN,SC.SapCaID = CT.SapCaID,CHUA_XAC_MINH_DB,CHUA_XAC_MINH_DB,"-1 AS code, N'KhÃ´ng tÃ¬m tháº¥y ká»³ cháº¥m cÃ´ng ' + @PeriodID AS msg; RETURN; END; DELETE T",REQUIRES_CONTRACT_FIXTURE,EXCLUDE_PHASE2
WA_TimeSheetDay_Process_Stp,HR_TimeSheetDayTbl,HR_SapCaTbl,INNER JOIN,SC.SapCaID = CT.SapCaID,CHUA_XAC_MINH_DB,CHUA_XAC_MINH_DB,"-1 AS code, N'Không tìm thấy kỳ chấm công ' + @PeriodID AS msg; RETURN; END; DELETE T",REQUIRES_CONTRACT_FIXTURE,EXCLUDE_PHASE2
WA_TimeSheetDay_Process_Stp,HR_TimeSheetDayTbl,HR_ShiftListTbl,LEFT JOIN,SH.ShiftID = FinalShift.ShiftID,CHUA_XAC_MINH_DB,CHUA_XAC_MINH_DB,"-1 AS code, N'KhÃ´ng tÃ¬m tháº¥y ká»³ cháº¥m cÃ´ng ' + @PeriodID AS msg; RETURN; END; DELETE T",REQUIRES_CONTRACT_FIXTURE,EXCLUDE_PHASE2
WA_TimeSheetDay_Process_Stp,HR_TimeSheetDayTbl,HR_ShiftListTbl,LEFT JOIN,SH.ShiftID = FinalShift.ShiftID,CHUA_XAC_MINH_DB,CHUA_XAC_MINH_DB,"-1 AS code, N'Không tìm thấy kỳ chấm công ' + @PeriodID AS msg; RETURN; END; DELETE T",REQUIRES_CONTRACT_FIXTURE,EXCLUDE_PHASE2
WA_TimeSheetDay_Process_Stp,HR_TimeSheetDayTbl,HR_TimeSheetDayEditTbl,LEFT JOIN,P.PersonID = E.PersonID AND A.Ngay = CAST(E.ThoiGianVao AS DATE),CHUA_XAC_MINH_DB,CHUA_XAC_MINH_DB,"-1 AS code, N'KhÃ´ng tÃ¬m tháº¥y ká»³ cháº¥m cÃ´ng ' + @PeriodID AS msg; RETURN; END; DELETE T",REQUIRES_CONTRACT_FIXTURE,EXCLUDE_PHASE2
WA_TimeSheetDay_Process_Stp,HR_TimeSheetDayTbl,HR_TimeSheetDayEditTbl,LEFT JOIN,P.PersonID = E.PersonID AND A.Ngay = CAST(E.ThoiGianVao AS DATE),CHUA_XAC_MINH_DB,CHUA_XAC_MINH_DB,"-1 AS code, N'Không tìm thấy kỳ chấm công ' + @PeriodID AS msg; RETURN; END; DELETE T",REQUIRES_CONTRACT_FIXTURE,EXCLUDE_PHASE2
